{
    "50.20.1 | Average: ": 40.874565149370795,
    "50.20.1 | Best: ": 40.874565149370795,
    "50.20.1 | STD: ": 0.0,
    "50.20.1.txt": {
        "50.20.1.txt.1": {
            "Best Score: ": 40.874565149370795,
            "Best Solution: ": "40.874565 == [[[8,42,10,43,27,48,20,15,18]],[[46,38,44,4,28,35,16,36,50,30,26,34,25,24]],[[13,33,2,11,21,23,9]]] || [[41,12,19,3,29,32,14,17],[39,45,1,22,7],[40,6,49,5,37,47,31]]",
            "Num_Drone: ": 3,
            "Num_Tech: ": 3,
            "Run Time: ": 28.628,
            "Score List: ": "Level 0: 59.314033 | Level 1: -0.198280 | Level 2: -0.056766 | Level 3: 0.054101 | Level 4: 0.034359 | Level 5: -0.073133 | Level 6: 0.000000 | Post Optimization: 0.000000 | Level 4: 0.000000 | Level 3: -0.047756 | Level 2: -0.048798 | Level 1: -0.004452 | Level 0: 0.000000 | Post Optimization: 0.000000 | ",
            "num level": 6
        }
    },
    "50.20.2 | Average: ": 39.592652942476256,
    "50.20.2 | Best: ": 39.592652942476256,
    "50.20.2 | STD: ": 0.0,
    "50.20.2.txt": {
        "50.20.2.txt.1": {
            "Best Score: ": 39.592652942476256,
            "Best Solution: ": "39.592653 == [[[28,43,3,11,26,45,5,27,24,31]],[[17,39,4,14,44,22,41,37,18,42,12,23]],[[34,6,13,20,21,8,9,30,15,35]]] || [[50,47,48,29,2,16,33,36,1,32,49],[40,25],[46,38,19,7,10]]",
            "Num_Drone: ": 3,
            "Num_Tech: ": 3,
            "Run Time: ": 25.218,
            "Score List: ": "Level 0: 67.359034 | Level 1: -0.313279 | Level 2: -0.062206 | Level 3: 0.001257 | Level 4: -0.036668 | Post Optimization: 0.000000 | Level 2: 0.000000 | Level 1: -0.036110 | Level 0: -0.018294 | Post Optimization: 0.000000 | ",
            "num level": 4
        }
    }
}
