{
    "50.40.1 | Average: ": 96.81824115365659,
    "50.40.1 | Best: ": 96.81824115365659,
    "50.40.1 | STD: ": 0.0,
    "50.40.1.txt": {
        "50.40.1.txt.1": {
            "Best Score: ": 96.81824115365659,
            "Best Solution: ": "96.818241 == [[[22,45,7,39,36,16,23]],[[46,5,17],[13,47,31,4,38,8,26,1,11,30,9,12]],[[29,18,3,48,19,10,33],[32,14,24]]] || [[42,41,40,25,21],[20,27,28,35,6,2,50],[37,43,49,44,15,34]]",
            "Num_Drone: ": 3,
            "Num_Tech: ": 3,
            "Run Time: ": 33.974,
            "Score List: ": "Level 0: 149.125350 | Level 1: -0.229003 | Level 2: -0.027089 | Level 3: -0.113067 | Level 4: 0.000000 | Post Optimization: 0.000000 | Level 2: -0.023074 | Level 1: 0.000000 | Level 0: -0.001087 | Post Optimization: 0.000000 | ",
            "num level": 4
        }
    },
    "50.40.2 | Average: ": 98.3560730395784,
    "50.40.2 | Best: ": 98.3560730395784,
    "50.40.2 | STD: ": 0.0,
    "50.40.2.txt": {
        "50.40.2.txt.1": {
            "Best Score: ": 98.3560730395784,
            "Best Solution: ": "98.356073 == [[[8,28,48,16,43,15,40,33],[32,31,17,18]],[[47],[10,6,3,25,26,2,34,49,13,1]],[[22,36,29,37,21,50,45,4,24,41,20,30]]] || [[5,39,9,46],[38,44,35,7,27,19],[23,14,11,12,42]]",
            "Num_Drone: ": 3,
            "Num_Tech: ": 3,
            "Run Time: ": 28.084,
            "Score List: ": "Level 0: 153.447644 | Level 1: -0.249850 | Level 2: -0.089403 | Level 3: 0.086946 | Level 4: -0.084183 | Post Optimization: 0.000000 | Level 2: -0.000778 | Level 1: 0.000000 | Level 0: -0.056617 | Post Optimization: 0.000000 | ",
            "num level": 4
        }
    }
}
