{
    "50.10.3 | Average: ": 22.483287044971767,
    "50.10.3 | Best: ": 22.483287044971767,
    "50.10.3 | STD: ": 0.0,
    "50.10.3.txt": {
        "50.10.3.txt.1": {
            "Best Score: ": 22.483287044971767,
            "Best Solution: ": "22.483287 == [[[26,7,38,43,41,13,15,29,16,17]],[[46,8,22,21,1,24,27,48,42,39,18,6]],[[49,44,3,12,4,36,50,2,40]]] || [[28,31,9,11,45,34,32],[10,35,33,37,25,23],[47,14,30,5,19,20]]",
            "Num_Drone: ": 3,
            "Num_Tech: ": 3,
            "Run Time: ": 25.662,
            "Score List: ": "Level 0: 42.387961 | Level 1: -0.445350 | Level 2: -0.026394 | Level 3: 0.076995 | Level 4: -0.084345 | Post Optimization: 0.000000 | Level 2: 0.000000 | Level 1: -0.003977 | Level 0: 0.000000 | Post Optimization: 0.000000 | ",
            "num level": 4
        }
    },
    "50.10.4 | Average: ": 21.43581917077713,
    "50.10.4 | Best: ": 21.43581917077713,
    "50.10.4 | STD: ": 0.0,
    "50.10.4.txt": {
        "50.10.4.txt.1": {
            "Best Score: ": 21.43581917077713,
            "Best Solution: ": "21.435819 == [[[11,35,44,23,42,49,40,17,12,5,41,19,9]],[[24,20,27,26,50,43,18,8,7,28,3,15,22]],[[47,32,30,25,37,31,34,1,16,14,38]]] || [[13,45,4,46,48],[2,21,36,39],[33,29,6,10]]",
            "Num_Drone: ": 3,
            "Num_Tech: ": 3,
            "Run Time: ": 28.465,
            "Score List: ": "Level 0: 30.170329 | Level 1: -0.259652 | Level 2: 0.040081 | Level 3: 0.034210 | Level 4: 0.000854 | Level 5: 0.098971 | Level 6: -0.091366 | Post Optimization: 0.000000 | Level 4: 0.000000 | Level 3: -0.056798 | Level 2: -0.025466 | Level 1: -0.028818 | Level 0: 0.000000 | Post Optimization: 0.000000 | ",
            "num level": 6
        }
    }
}
