{
    "20.10.1 | Average: ": 21.771050519945522,
    "20.10.1 | Best: ": 21.771050519945522,
    "20.10.1 | STD: ": 0.0,
    "20.10.1.txt": {
        "20.10.1.txt.1": {
            "Best Score: ": 21.771050519945522,
            "Best Solution: ": "21.771051 == [[[10,18,12,17,15,13,5]],[[20,4,1,8,14,6,9,2]]] || [[7],[16,3,11,19]]",
            "Num_Drone: ": 2,
            "Num_Tech: ": 2,
            "Run Time: ": 1.824,
            "Score List: ": "Level 0: 36.693669 | Level 1: -0.405774 | Level 2: -0.001527 | Level 3: 0.125493 | Level 4: -0.111501 | Post Optimization: 0.000000 | Level 2: 0.000000 | Level 1: 0.000000 | Level 0: 0.000000 | Post Optimization: 0.000000 | ",
            "num level": 4
        }
    },
    "20.10.2 | Average: ": 20.088036471523598,
    "20.10.2 | Best: ": 20.088036471523598,
    "20.10.2 | STD: ": 0.0,
    "20.10.2.txt": {
        "20.10.2.txt.1": {
            "Best Score: ": 20.088036471523598,
            "Best Solution: ": "20.088036 == [[[8,2,1,17,9,12]],[[18,7,4,16,20,11]]] || [[10,3,13],[19,6,15,5,14]]",
            "Num_Drone: ": 2,
            "Num_Tech: ": 2,
            "Run Time: ": 1.729,
            "Score List: ": "Level 0: 29.141618 | Level 1: -0.310675 | Level 2: 0.000000 | Level 3: 0.000000 | Level 4: 0.000000 | Post Optimization: 0.000000 | Level 2: 0.000000 | Level 1: 0.000000 | Level 0: 0.000000 | Post Optimization: 0.000000 | ",
            "num level": 4
        }
    },
    "20.10.3 | Average: ": 21.359312721636144,
    "20.10.3 | Best: ": 21.359312721636144,
    "20.10.3 | STD: ": 0.0,
    "20.10.3.txt": {
        "20.10.3.txt.1": {
            "Best Score: ": 21.359312721636144,
            "Best Solution: ": "21.359313 == [[[11,9,19,7,4]],[[16,2,10,17,3,6,12,5]]] || [[8,20,1,13,15],[18,14]]",
            "Num_Drone: ": 2,
            "Num_Tech: ": 2,
            "Run Time: ": 1.858,
            "Score List: ": "Level 0: 40.627910 | Level 1: -0.474615 | Level 2: 0.024284 | Level 3: -0.003273 | Level 4: 0.000000 | Level 5: 0.000000 | Post Optimization: 0.000000 | Level 3: 0.000000 | Level 2: -0.019860 | Level 1: 0.000000 | Level 0: 0.000000 | Post Optimization: 0.000000 | ",
            "num level": 5
        }
    },
    "20.10.4 | Average: ": 22.660174444749142,
    "20.10.4 | Best: ": 22.660174444749142,
    "20.10.4 | STD: ": 0.0,
    "20.10.4.txt": {
        "20.10.4.txt.1": {
            "Best Score: ": 22.660174444749142,
            "Best Solution: ": "22.660174 == [[[7,13,6,14,2,8,20,3,9]],[[11,1,5,4,16,15,10]]] || [[12,17,18],[19]]",
            "Num_Drone: ": 2,
            "Num_Tech: ": 2,
            "Run Time: ": 1.754,
            "Score List: ": "Level 0: 43.180475 | Level 1: -0.475222 | Level 2: 0.000000 | Level 3: 0.000000 | Level 4: 0.000000 | Post Optimization: 0.000000 | Level 2: 0.000000 | Level 1: 0.000000 | Level 0: 0.000000 | Post Optimization: 0.000000 | ",
            "num level": 4
        }
    },
    "20.20.1 | Average: ": 39.40074398723549,
    "20.20.1 | Best: ": 39.40074398723549,
    "20.20.1 | STD: ": 0.0,
    "20.20.1.txt": {
        "20.20.1.txt.1": {
            "Best Score: ": 39.40074398723549,
            "Best Solution: ": "39.400744 == [[[5,18,14,8,13,20,15,12]],[[9,7,16,6,11,4,3,19]]] || [[1,2],[10,17]]",
            "Num_Drone: ": 2,
            "Num_Tech: ": 2,
            "Run Time: ": 1.882,
            "Score List: ": "Level 0: 62.680708 | Level 1: -0.371406 | Level 2: 0.000000 | Level 3: 0.000185 | Level 4: 0.000000 | Level 5: 0.000000 | Post Optimization: 0.000000 | Level 3: 0.000000 | Level 2: -0.000185 | Level 1: 0.000000 | Level 0: 0.000000 | Post Optimization: 0.000000 | ",
            "num level": 5
        }
    },
    "20.20.2 | Average: ": 36.76042895808519,
    "20.20.2 | Best: ": 36.76042895808519,
    "20.20.2 | STD: ": 0.0,
    "20.20.2.txt": {
        "20.20.2.txt.1": {
            "Best Score: ": 36.76042895808519,
            "Best Solution: ": "36.760429 == [[[6,10,15,13]],[[8,17,20,12,14,7,11,3,9]]] || [[1,2,5,18,4,19],[16]]",
            "Num_Drone: ": 2,
            "Num_Tech: ": 2,
            "Run Time: ": 1.891,
            "Score List: ": "Level 0: 59.719175 | Level 1: -0.264852 | Level 2: -0.162679 | Level 3: 0.000000 | Level 4: 0.000000 | Post Optimization: 0.000000 | Level 2: 0.000000 | Level 1: 0.000000 | Level 0: 0.000000 | Post Optimization: 0.000000 | ",
            "num level": 4
        }
    },
    "20.20.3 | Average: ": 42.38956653363835,
    "20.20.3 | Best: ": 42.38956653363835,
    "20.20.3 | STD: ": 0.0,
    "20.20.3.txt": {
        "20.20.3.txt.1": {
            "Best Score: ": 42.38956653363835,
            "Best Solution: ": "42.389567 == [[[18,7,13,5,11,10,2]],[[1,6,15,14,19,4]]] || [[8,3,9,12],[17,20,16]]",
            "Num_Drone: ": 2,
            "Num_Tech: ": 2,
            "Run Time: ": 1.833,
            "Score List: ": "Level 0: 64.647955 | Level 1: -0.306572 | Level 2: -0.054410 | Level 3: 0.000000 | Level 4: 0.000000 | Post Optimization: 0.000000 | Level 2: 0.000000 | Level 1: 0.000000 | Level 0: 0.000000 | Post Optimization: 0.000000 | ",
            "num level": 4
        }
    },
    "20.20.4 | Average: ": 40.16791961649451,
    "20.20.4 | Best: ": 40.16791961649451,
    "20.20.4 | STD: ": 0.0,
    "20.20.4.txt": {
        "20.20.4.txt.1": {
            "Best Score: ": 40.16791961649451,
            "Best Solution: ": "40.167920 == [[[11,17,20,4,18,13]],[[9,3,6,15,7,5,8]]] || [[10,19,16,12],[14,2,1]]",
            "Num_Drone: ": 2,
            "Num_Tech: ": 2,
            "Run Time: ": 1.867,
            "Score List: ": "Level 0: 55.473224 | Level 1: -0.257070 | Level 2: -0.025352 | Level 3: 0.004579 | Level 4: 0.000000 | Level 5: 0.000000 | Post Optimization: 0.000000 | Level 3: 0.000000 | Level 2: -0.004558 | Level 1: 0.000000 | Level 0: 0.000000 | Post Optimization: 0.000000 | ",
            "num level": 5
        }
    },
    "20.5.1 | Average: ": 10.664720498120744,
    "20.5.1 | Best: ": 10.664720498120744,
    "20.5.1 | STD: ": 0.0,
    "20.5.1.txt": {
        "20.5.1.txt.1": {
            "Best Score: ": 10.664720498120744,
            "Best Solution: ": "10.664720 == [[[20,13,6,8,14]],[[5,3,19,15,16]]] || [[17,2,4,7],[11,18,10,1,9,12]]",
            "Num_Drone: ": 2,
            "Num_Tech: ": 2,
            "Run Time: ": 1.772,
            "Score List: ": "Level 0: 15.079937 | Level 1: -0.202369 | Level 2: -0.077623 | Level 3: -0.038743 | Level 4: 0.000000 | Post Optimization: 0.000000 | Level 2: -0.000000 | Level 1: 0.000000 | Level 0: 0.000000 | Post Optimization: 0.000000 | ",
            "num level": 4
        }
    },
    "20.5.2 | Average: ": 10.300459770141115,
    "20.5.2 | Best: ": 10.300459770141115,
    "20.5.2 | STD: ": 0.0,
    "20.5.2.txt": {
        "20.5.2.txt.1": {
            "Best Score: ": 10.300459770141115,
            "Best Solution: ": "10.300460 == [[[5,4,20,6,17,2,1]],[[19,14,18,3,16,15,12,7]]] || [[9,8,13],[10,11]]",
            "Num_Drone: ": 2,
            "Num_Tech: ": 2,
            "Run Time: ": 1.957,
            "Score List: ": "Level 0: 19.267677 | Level 1: -0.444144 | Level 2: 0.129409 | Level 3: -0.077388 | Level 4: -0.015533 | Level 5: 0.000000 | Post Optimization: 0.000000 | Level 3: 0.000000 | Level 2: 0.000000 | Level 1: -0.042472 | Level 0: -0.020868 | Post Optimization: 0.000000 | ",
            "num level": 5
        }
    },
    "20.5.3 | Average: ": 8.670173851642506,
    "20.5.3 | Best: ": 8.670173851642506,
    "20.5.3 | STD: ": 0.0,
    "20.5.3.txt": {
        "20.5.3.txt.1": {
            "Best Score: ": 8.670173851642506,
            "Best Solution: ": "8.670174 == [[[3,8,9,5,15]],[[10,13,20,17,7]]] || [[14,2,19],[18,6,1,4,12,11,16]]",
            "Num_Drone: ": 2,
            "Num_Tech: ": 2,
            "Run Time: ": 1.984,