{
    "100.10.1 | Average: ": 24.744935934031606,
    "100.10.1 | Best: ": 25.14145433686736,
    "100.10.1.txt": {
        "100.10.1.txt.1": {
            "Best Score is: ": 24.53235410097497,
            "Best Solution is: ": "24.532354 == [[[1,35,16,58,5,19,55,89,99,48,83,8,85]],[[98,59,7,4,39,54,72,18,31,64,45,57,78,28,41,44]],[[29,40,81,20,10,14,70,13,46,66,63,95,61,71,30,15,91,75]],[[50,69,23,21,79,56,37,12,90,49,80,76,82]]] || [[68,27,94,34,84,3,62,92,24,51,38,100],[87,43,22,77,9,60,32,11,73,65,86],[67,74,2,97,53,93,17],[52,6,42,36,33,26,96,88,47,25]]",
            "Num_Drone: ": 4,
            "Num_Tech: ": 4,
            "Run Time is: ": 246.501
        },
        "100.10.1.txt.2": {
            "Best Score is: ": 25.996972338843452,
            "Best Solution is: ": "25.996972 == [[[49,80,76,3,38,19,55,89]],[[18,30,31,71,61,6,78,57,28,41,42,36,33,26,44,47,98]],[[75,54,59,29,40,81,56,79,23,21,10,20,70,46,13,7,39,66,72]],[[86,97,74,4,14,63,95,64,45,87,17]]] || [[8,83,100,99,51,24,62,92,35,16,58,5,1],[50,11,73,48,32,60,43,77,93,25],[2,68,27,94,69,37,12,90,82,84,34,67],[85,53,91,15,52,88,96,9,22,65]]",
            "Num_Drone: ": 4,
            "Num_Tech: ": 4,
            "Run Time is: ": 219.068
        },
        "100.10.1.txt.3": {
            "Best Score is: ": 24.88516694380091,
            "Best Solution is: ": "24.885167 == [[[69,81,23,21,10,20,14,70,46,13,63,95,18,72]],[[54,7,66,4,59,39,29,40,56,79,37,12,90,84,34,8,85]],[[82,49,80,76,3,24,92,62,35,1,5]],[[68,27,94,67,99,83,100,38,51,16,58,19,55,89,32,73]]] || [[41,42,26,33,36,44,43,17,65,86],[97,53,2,50,47,22,88,77,96,9,93,60,48,11],[74,75,91,15,98,30,31,71,61,6,25],[52,87,64,45,57,78,28]]",
            "Num_Drone: ": 4,
            "Num_Tech: ": 4,
            "Run Time is: ": 227.174
        },
        "100.10.1.txt.4": {
            "Best Score is: ": 23.168731949671336,
            "Best Solution is: ": "23.168732 == [[[30,31,95,71,61,64,45,57,78,28,41,42,26,22,25]],[[68,27,94,69,56,79,37,12,90,49,80,76]],[[85,34,84,82,3,38,100,51,24,62,92,35,16,58,5,1]],[[75,7,59,39,4,13,46,70,14,66,63,72,91,54,18,98]]] || [[86,8,67,83,99,89,55,19,73],[17,15,52,87,6,44,33,36,47],[53,74,97,2,40,81,23,21,10,20,29,50],[11,48,32,60,93,88,77,9,96,43,65]]",
            "Num_Drone: ": 4,
            "Num_Tech: ": 4,
            "Run Time is: ": 205.659
        },
        "100.10.1.txt.5": {
            "Best Score is: ": 25.14145433686736,
            "Best Solution is: ": "25.141454 == [[[53,29,40,81,21,20,23,10,39,59,7,66,72,91,98,18,30]],[[38,92,62,24,35,16,58,55,5,19,89,1,32,48,86]],[[74,75,54,4,13,70,14,46,63,95,61,71,6,44]],[[2,69,56,79,37,12,90,49,80,76,82,84,34,27,94,68]]] || [[15,31,52,47,25,11,73,60,93,65],[87,64,45,57,78,28],[67,85,8,3,51,99,100,83,50,97],[17,43,41,42,36,33,26,96,9,77,88,22]]",
            "Num_Drone: ": 4,
            "Num_Tech: ": 4,
            "Run Time is: ": 211.735
        }
    },
    "100.20.1 | Average: ": 44.71373999758815,
    "100.20.1 | Best: ": 44.12378294809373,
    "100.20.1.txt": {
        "100.20.1.txt.1": {
            "Best Score is: ": 45.22862553788884,
            "Best Solution is: ": "45.228626 == [[[38,80,71,57,92,59,91,76,22,64,58,30,45,81,23,33,11]],[[75,27,31,85,17,61,51,95,99,32,4,2,93,41,42,74,88,16,6]],[[54,15,73,5,47,98,14,19,10,53,89,68,44,35,12,3,77]],[[72,83,82,62,37,25,65,29,34,56,36,63,26,20]]] || [[67,100,50,97,87,66,48,40,84],[43,70,13,90,8,94,60,52],[21,86,39,28,55,7,49,18,78,1],[24,79,69,96,46,9]]",
            "Num_Drone: ": 4,
            "Num_Tech: ": 4,
            "Run Time is: ": 223.265
        },
        "100.20.1.txt.2": {
            "Best Score is: ": 44.13049847656055,
            "Best Solution is: ": "44.130498 == [[[24,52,45,81,30,91,59,90,76,13,70,57,92,71,80,50,100,67,69]],[[6,88,42,74,86,18,54,47,5,73,15,98,10,53,14,19]],[[17,61,51,4,95,99,32,2,93,41,28,55,7,49,39,21,78,1]],[[77,3,35,12,89,68,44,83,82,62,37,29,25,65,56,36,72]]] || [[20,38,26,48,63,34,40,84],[43,75,11,33,23,27,31,85,16],[9,46,66,87,96,97],[79,60,58,22,64,8,94]]",
            "Num_Drone: ": 4,
            "Num_Tech: ": 4,
            "Run Time is: ": 261.534
        },
        "100.20.1.txt.3": {
            "Best Score is: ": 45.13931142760094,
            "Best Solution is: ": "45.139311 == [[[16,17,61,51,93,41,42,86,39,49,7,55,28,88,74,18,21,1]],[[69,85,31,27,11,23,33,75,4,95,99,32,2,6]],[[78,54,47,5,73,15,53,98,10,12,35,3,19,14]],[[77,89,68,44,83,34,65,56,25,82,62,37,29,36,72]]] || [[84,40,63,48,9,46,66,87,97,26,20],[96,38,80,71,57,92,59,50],[24,52,43,79,60,64,22,30,58,81,45],[100,91,90,76,70,13,8,94,67]]",
            "Num_Drone: ": 4,
            "Num_Tech: ": 4,
            "Run Time is: ": 236.611
        },
        "100.20.1.txt.4": {
            "Best Score is: ": 44.94648159779672,
            "Best Solution is: ": "44.946482 == [[[52,21,28,55,86,74,42,39,7,49,18,88,78,1]],[[23,33,11,27,75,51,4,95,99,32,2,93,41]],[[79,94,8,70,91,59,76,90,13,22,64,30,58,81,45,31,85,17,61,16,6]],[[77,83,34,82,62,37,29,56,65,25,36,72,63,40,84]]] || [[48,9,46,66,87,97,96,38,100,67,24],[20,26,80,71,92,57,50,60,43,69],[14,19,53,10,3,35,12,44,89,68,98,54],[47,5,73,15]]",
            "Num_Drone: ": 4,
            "Num_Tech: ": 4,
            "Run Time is: ": 239.422
        },
        "100.20.1.txt.5": {
            "Best Score is: ": 44.12378294809373,
            "Best Solution is: ": "44.123783 == [[[94,8,58,30,64,22,13,59,70,90,76,91,92,57,71,80,50,100,69]],[[85,31,27,75,51,4,95,99,32,2,28,55,7,39,86,42,74,88,6]],[[1,18,49,54,47,5,73,15,98,10,53,14,19]],[[84,72,36,56,65,25,82,62,37,29,66,87,46,26]]] || [[34,83,44,68,89,12,35,3,77],[79,11,33,23,81,45,60,43,24],[52,16,17,61,93,41,21,78],[40,63,48,9,97,96,38,67,20]]",
            "Num_Drone: ": 4,
            "Num_Tech: ": 4,
            "Run Time is: ": 229.486
        }
    },
    "100.30.1 | Average: ": 70.56523739942811,
    "100.30.1 | Best: ": 70.22345532956709,
    "100.30.1.txt": {
        "100.30.1.txt.1": {
            "Best Score is: ": 69.7492349315416,
            "Best Solution is: ": "69.749235 == [[[32,90,80,33,100,30,55,34,87,2,40,24,35,21,22]],[[52,57,28,37,29,63,43,83,54,77,5,67,95,82,12,70,47,72,76,10]],[[26,75,27,93,3,38,49,60,23,7,48,42]],[[97,8,51,68,50,53,59,13,91,17,66,64]]] || [[36,89,4,56,99,86,73,74,96],[61,41,88,98,45,46,65,79,1,58,25,69,31,84],[11,14,15,9,44,18,94,19,6,81,71],[16,78,85,62,20,39,92]]",
            "Num_Drone: ": 4,
            "Num_Tech: ": 4,
            "Run Time is: ": 241.743
        },
        "100.30.1.txt.2": {
            "Best Score is: ": 71.46717352119043,
            "Best Solution is: ": "71.467174 == [[[9,44,18,94,19,40,24,6,81,16,42,92,61,41,88]],[[32,90,80,33,100,30,55,34,87,2,35,26,20,39]],[[78,85,75,93,3,62,38,60,49,27,23,48,7,22,21]],[[97,8,51,98,68,13,59,53,50,65,45,46,79,25,69]]] || [[58,1,91,17,66,64,31,84],[36,89,4,56,73,83,86,99,96,71],[10,72,76,43,63,37,29,28,52,57,14,15,11],[54,77,67,5,95,82,12,70,47,74]]",
            "Num_Drone: ": 4,
            "Num_Tech: ": 4,
            "Run Time is: ": 250.222
        },
        "100.30.1.txt.3": {
            "Best Score is: ": 71.65711405111665,
            "Best Solution is: ": "71.657114 == [[[19,26,20,2,87,40,24,35,78,94,6,81,16,39]],[[44,15,90,80,33,100,30,55,34,18,9,11]],[[23,27,60,49,38,93,3,62,85,75,7,48,92,42,21,22]],[[97,8,51,68,50,59,13,91,17,1,58,25,69]]] || [[61,41,88,98,53,45,46,65,79,64,66,31,84],[54,77,67,5,95,82,12,70,47,72],[36,89,4,56,73,86,83,99],[14,76,43,63,29,37,28,32,57,52,10,74,96,71]]",
            "Num_Drone: ": 4,
            "Num_Tech: ": 4,
            "Run Time is: ": 242.939
        },
        "100.30.1.txt.4": {
            "Best Score is: ": 69.72920916372482,