{
    "6.10.1.txt": {
        "6.10.1.txt.1": {
            "Best Score is: ": 17.75020496508027,
            "Best Solution is: ": "17.750205 == [[[6,1,5,4]]] || [[3,2]]",
            "Num_Drone: ": 1,
            "Num_Tech: ": 1,
            "Run Time is: ": 0.076
        },
        "6.10.1.txt.2": {
            "Best Score is: ": 17.75020496508027,
            "Best Solution is: ": "17.750205 == [[[4,5,1,6]]] || [[2,3]]",
            "Num_Drone: ": 1,
            "Num_Tech: ": 1,
            "Run Time is: ": 0.077
        },
        "6.10.1.txt.3": {
            "Best Score is: ": 17.75020496508027,
            "Best Solution is: ": "17.750205 == [[[6,1,5,4]]] || [[2,3]]",
            "Num_Drone: ": 1,
            "Num_Tech: ": 1,
            "Run Time is: ": 0.072
        },
        "6.10.1.txt.4": {
            "Best Score is: ": 17.75020496508027,
            "Best Solution is: ": "17.750205 == [[[6,1,5,4]]] || [[2,3]]",
            "Num_Drone: ": 1,
            "Num_Tech: ": 1,
            "Run Time is: ": 0.066
        },
        "6.10.1.txt.5": {
            "Best Score is: ": 17.75020496508027,
            "Best Solution is: ": "17.750205 == [[[4,5,1,6]]] || [[3,2]]",
            "Num_Drone: ": 1,
            "Num_Tech: ": 1,
            "Run Time is: ": 0.066
        }
    },
    "6.10.2.txt": {
        "6.10.2.txt.1": {
            "Best Score is: ": 20.660850344229097,
            "Best Solution is: ": "20.660850 == [[[4,3,5,2]]] || [[1,6]]",
            "Num_Drone: ": 1,
            "Num_Tech: ": 1,
            "Run Time is: ": 0.067
        },
        "6.10.2.txt.2": {
            "Best Score is: ": 20.660850344229097,
            "Best Solution is: ": "20.660850 == [[[4,3,5,2]]] || [[6,1]]",
            "Num_Drone: ": 1,
            "Num_Tech: ": 1,
            "Run Time is: ": 0.067
        },
        "6.10.2.txt.3": {
            "Best Score is: ": 20.660850344229097,
            "Best Solution is: ": "20.660850 == [[[5,3,4,2]]] || [[1,6]]",
            "Num_Drone: ": 1,
            "Num_Tech: ": 1,
            "Run Time is: ": 0.071
        },
        "6.10.2.txt.4": {
            "Best Score is: ": 20.660850344229097,
            "Best Solution is: ": "20.660850 == [[[2,4,3,5]]] || [[6,1]]",
            "Num_Drone: ": 1,
            "Num_Tech: ": 1,
            "Run Time is: ": 0.067
        },
        "6.10.2.txt.5": {
            "Best Score is: ": 20.660850344229097,
            "Best Solution is: ": "20.660850 == [[[5,3,4,2]]] || [[6,1]]",
            "Num_Drone: ": 1,
            "Num_Tech: ": 1,
            "Run Time is: ": 0.072
        }
    },
    "6.10.3.txt": {
        "6.10.3.txt.1": {
            "Best Score is: ": 21.927618665034476,
            "Best Solution is: ": "21.927619 == [[[4,6,3]]] || [[2,5,1]]",
            "Num_Drone: ": 1,
            "Num_Tech: ": 1,
            "Run Time is: ": 0.073
        },
        "6.10.3.txt.2": {
            "Best Score is: ": 21.927618665034473,
            "Best Solution is: ": "21.927619 == [[[4,3,6]]] || [[1,5,2]]",
            "Num_Drone: ": 1,
            "Num_Tech: ": 1,
            "Run Time is: ": 0.069
        },
        "6.10.3.txt.3": {
            "Best Score is: ": 21.927618665034473,
            "Best Solution is: ": "21.927619 == [[[4,6,3]]] || [[1,5,2]]",
            "Num_Drone: ": 1,
            "Num_Tech: ": 1,
            "Run Time is: ": 0.072
        },
        "6.10.3.txt.4": {
            "Best Score is: ": 21.927618665034473,
            "Best Solution is: ": "21.927619 == [[[3,6,4]]] || [[1,5,2]]",
            "Num_Drone: ": 1,
            "Num_Tech: ": 1,
            "Run Time is: ": 0.076
        },
        "6.10.3.txt.5": {
            "Best Score is: ": 21.927618665034473,
            "Best Solution is: ": "21.927619 == [[[4,3,6]]] || [[1,5,2]]",
            "Num_Drone: ": 1,
            "Num_Tech: ": 1,
            "Run Time is: ": 0.069
        }
    },
    "6.10.4.txt": {
        "6.10.4.txt.1": {
            "Best Score is: ": 16.72634059982888,
            "Best Solution is: ": "16.726341 == [[[2,4,3,5,1]]] || [[6]]",
            "Num_Drone: ": 1,
            "Num_Tech: ": 1,
            "Run Time is: ": 0.069
        },
        "6.10.4.txt.2": {
            "Best Score is: ": 16.72634059982888,
            "Best Solution is: ": "16.726341 == [[[1,5,3,4,2]]] || [[6]]",
            "Num_Drone: ": 1,
            "Num_Tech: ": 1,
            "Run Time is: ": 0.071
        },
        "6.10.4.txt.3": {
            "Best Score is: ": 16.72634059982888,
            "Best Solution is: ": "16.726341 == [[[3,4,5,2,1]]] || [[6]]",
            "Num_Drone: ": 1,
            "Num_Tech: ": 1,
            "Run Time is: ": 0.075
        },
        "6.10.4.txt.4": {
            "Best Score is: ": 16.72634059982888,
            "Best Solution is: ": "16.726341 == [[[3,4,5,2,1]]] || [[6]]",
            "Num_Drone: ": 1,
            "Num_Tech: ": 1,
            "Run Time is: ": 0.069
        },
        "6.10.4.txt.5": {
            "Best Score is: ": 16.72634059982888,
            "Best Solution is: ": "16.726341 == [[[1,2,5,3,4]]] || [[6]]",
            "Num_Drone: ": 1,
            "Num_Tech: ": 1,
            "Run Time is: ": 0.069
        }
    },
    "6.20.1.txt": {
        "6.20.1.txt.1": {
            "Best Score is: ": 37.33445961088125,
            "Best Solution is: ": "37.334460 == [[[3,1,2]]] || [[4,5,6]]",
            "Num_Drone: ": 1,
            "Num_Tech: ": 1,
            "Run Time is: ": 0.068
        },
        "6.20.1.txt.2": {
            "Best Score is: ": 37.33445961088125,
            "Best Solution is: ": "37.334460 == [[[2,1,3]]] || [[5,6,4]]",
            "Num_Drone: ": 1,
            "Num_Tech: ": 1,
            "Run Time is: ": 0.075
        },
        "6.20.1.txt.3": {
            "Best Score is: ": 37.33445961088125,
            "Best Solution is: ": "37.334460 == [[[3,1,2]]] || [[4,5,6]]",
            "Num_Drone: ": 1,
            "Num_Tech: ": 1,
            "Run Time is: ": 0.075
        },
        "6.20.1.txt.4": {
            "Best Score is: ": 37.33445961088125,
            "Best Solution is: ": "37.334460 == [[[2,1,3]]] || [[6,5,4]]",
            "Num_Drone: ": 1,
            "Num_Tech: ": 1,
            "Run Time is: ": 0.073
        },
        "6.20.1.txt.5": {
            "Best Score is: ": 37.33445961088125,
            "Best Solution is: ": "37.334460 == [[[2,1,3]]] || [[4,5,6]]",
            "Num_Drone: ": 1,
            "Num_Tech: ": 1,
            "Run Time is: ": 0.075
        }
    },
    "6.20.2.txt": {
        "6.20.2.txt.1": {
            "Best Score is: ": 39.021858230842255,
            "Best Solution is: ": "39.021858 == [[[6,4,3,5]]] || [[2,1]]",
            "Num_Drone: ": 1,
            "Num_Tech: ": 1,
            "Run Time is: ": 0.075
        },
        "6.20.2.txt.2": {
            "Best Score is: ": 39.021858230842255,
            "Best Solution is: ": "39.021858 == [[[5,3,4,6]]] || [[1,2]]",
            "Num_Drone: ": 1,
            "Num_Tech: ": 1,
            "Run Time is: ": 0.073
        },
        "6.20.2.txt.3": {
            "Best Score is: ": 39.021858230842255,
            "Best Solution is: ": "39.021858 == [[[6,4,3,5]]] || [[2,1]]",
            "Num_Drone: ": 1,
            "Num_Tech: ": 1,
            "Run Time is: ": 0.07
        },
        "6.20.2.txt.4": {
            "Best Score is: ": 39.021858230842255,
            "Best Solution is: ": "39.021858 == [[[5,3,4,6]]] || [[1,2]]",
            "Num_Drone: ": 1,
            "Num_Tech: ": 1,
            "Run Time is: ": 0.072
        },
        "6.20.2.txt.5": {
            "Best Score is: ": 39.021858230842255,
            "Best Solution is: ": "39.021858 == [[[5,3,4,6]]] || [[1,2]]",
            "Num_Drone: ": 1,
            "Num_Tech: ": 1,
            "Run Time is: ": 0.075
        }
    },
    "6.20.3.txt": {
        "6.20.3.txt.1": {
            "Best Score is: ": 46.39377807547435,