{
    "10.5.2.1": {
        "Best Score is: ": 8.947312497903512,
        "Best Solution is: ": "8.947312 == [[[7,6]],[[10,2,8,9]]] || [[4,3,5],[1]]",
        "Num_Drone: ": 2,
        "Num_Tech: ": 2,
        "Run Time is: ": 0.319
    },
    "10.5.2.2": {
        "Best Score is: ": 9.036164572719395,
        "Best Solution is: ": "9.036165 == [[[6,7]],[[9,1,5,3,4]]] || [[10],[8,2]]",
        "Num_Drone: ": 2,
        "Num_Tech: ": 2,
        "Run Time is: ": 0.339
    },
    "10.5.2.3": {
        "Best Score is: ": 9.036164572719395,
        "Best Solution is: ": "9.036165 == [[[7,6]],[[4,3,5,1,9]]] || [[10],[8,2]]",
        "Num_Drone: ": 2,
        "Num_Tech: ": 2,
        "Run Time is: ": 0.326
    },
    "10.5.2.4": {
        "Best Score is: ": 8.94731249790351,
        "Best Solution is: ": "8.947312 == [[[4,3,7]],[[9,8,2,10]]] || [[6],[5,1]]",
        "Num_Drone: ": 2,
        "Num_Tech: ": 2,
        "Run Time is: ": 0.3
    },
    "10.5.2.5": {
        "Best Score is: ": 8.94731249790351,
        "Best Solution is: ": "8.947312 == [[[9,8,2,10]],[[4,3,7]]] || [[5,1],[6]]",
        "Num_Drone: ": 2,
        "Num_Tech: ": 2,
        "Run Time is: ": 0.339
    }
}
