{
    "100.30.1.1": {
        "Best Score is: ": 73.33742392288205,
        "Best Solution is: ": "73.337424 == [[[77,54,67,5,47,70,76,43,63,29,37,28,90,32,57,52,10,14,15,11,71]],[[33,100,30,55,34,24,40,35,26,78,20,16,81,39]],[[75,85,62,38,49,60,93,3,27,23,7,48,42,61,21,22]],[[8,51,97,41,88,68,98,1,58,66,17,64,89,36]]] || [[91,13,59,53,50,45,46,65,79,25,69],[2,87,80,44,9,18,94,19,6],[31,4,56,99,96,84,92],[74,72,12,95,82,83,86,73]]",
        "Num_Drone: ": 4,
        "Num_Tech: ": 4,
        "Run Time is: ": 173.447
    },
    "100.30.1.2": {
        "Best Score is: ": 80.73476719049044,
        "Best Solution is: ": "80.734767 == [[[92,42],[90,32,28,37,29,43,63,12,82,95,77,5,67,4,56]],[[97,51,8,27,3,75,78,26,40,24,35,39],[16]],[[48,7,23,93,60,49,38,62,85,20],[96,74,10,52,57,14]],[[84],[41,98,79,50,65,45,46,91,17,58,1,66,64,31,89]]] || [[99,73,86,83,47,72,70,76,54,36],[88,68,53,59,13,25,69,61,22,21],[80,33,30,100,55,18,71],[81,6,19,94,2,34,87,44,9,11,15]]",
        "Num_Drone: ": 4,
        "Num_Tech: ": 4,
        "Run Time is: ": 181.55
    },
    "100.30.1.3": {
        "Best Score is: ": 99.1339334513823,
        "Best Solution is: ": "99.133933 == [[[26,35,24,40,9],[15,14,74,10,37,29,70,12,82,95,5,67,77,54]],[[84,31,69,25,58,1,66,89,56,36],[39,20,78,85,62,38,49,60]],[[21,22,92,97,88,68,51,8],[71,11,80,33,30,100,44]],[[96,99,73,86,83,47,72,76,43,63,52],[16,81,48,7,23,27,3,93,75]]] || [[50,45,46,91,53,59,13,17,64],[42,61,41,98,79,65],[4,28,90,32,57],[6,19,94,2,34,55,87,18]]",
        "Num_Drone: ": 4,
        "Num_Tech: ": 4,
        "Run Time is: ": 190.288
    },
    "100.30.1.4": {
        "Best Score is: ": 102.81582799971272,
        "Best Solution is: ": "102.815828 == [[[16,81,6,19,94,2,34,55],[71,11,9,44,80,33,30,100,18]],[[97,88,51,8,42],[99,73,86,83,70,12,82,54,77,95,5,67,56]],[[22,21,48,7,27,3,23],[36,4,31,69,25,58,1,66,64,17,89]],[[84,96,74,10],[92,61,41,98,68,79],[14,57,52,90,32]]] || [[50,65,91,45,46,53,59,13],[63,43,37,47,72,76,29,28],[85,62,38,49,60,93,75,39],[20,78,26,35,40,24,87,15]]",
        "Num_Drone: ": 4,
        "Num_Tech: ": 4,
        "Run Time is: ": 204.658
    },
    "100.30.1.5": {
        "Best Score is: ": 104.09474288849677,
        "Best Solution is: ": "104.094743 == [[[61,41,98,79,65],[9,44,18,33,100,30,80,90,32,71]],[[21,22,7,97,88,50,53,59,13,17,66,64,58,1,84],[96,74,70,76,29,10]],[[39,20,78,85,62,38,49,60,93,3,75],[31,36,56,73,86,83,82,99]],[[69,25],[45,46,91,4,54,77,12,95,5,67]]] || [[68,51,8,27,23,48,92,42],[57,52,28,37,43,63,47,72,89],[16,26,35,40,24,87,14],[81,6,19,94,2,34,55,15,11]]",
        "Num_Drone: ": 4,
        "Num_Tech: ": 4,
        "Run Time is: ": 196.371
    }
}
