{
    "output | Average: ": 65.55198335779289,
    "output | Best: ": 64.82514201094062,
    "output | STD: ": 0.5910619095200444,
    "output.txt": {
        "output.txt.1": {
            "Best Score: ": 65.31167615457503,
            "Best Solution: ": "65.311676 == [[[40,26,85,10,39,64,75,35,76,73,46,25,43,41,13,33,38,49,52]],[[37,6,34,36,60,72,82,21,14,11,30,9,48,7]],[[31,81,22,86,20,8,47,24,51,84,45,32,27,68,2,16,4,65,28,63,42,78]],[[5,67,3,59,74,54,44,58,50,55,61,19,83,71]]] || [[15,56,23,12,69,70,29,66],[1,62,77,17,18,79,53,80,57],[90,93,87,92,88],[94,100,96,99,97,91,95,89,98]]",
            "Num_Drone: ": 4,
            "Num_Tech: ": 4,
            "Run Time: ": 265.243,
            "Score List: ": "Level 0: 115.110280 | Level 1: -0.432616 | Level 2: 0.016974 | Level 3: -0.016691 | Post Optimization: 0.000000 | Level 1: 0.000000 | Level 0: 0.000000 | Post Optimization: 0.000000 | "
        },
        "output.txt.2": {
            "Best Score: ": 64.82514201094062,
            "Best Solution: ": "64.825142 == [[[31,7,76,34,36,64,39,9,48,81,86,20,37,6,70,69,25,43,41]],[[66,33,38,13,21,11,84,51,45,32,24,47,22,73,46,68]],[[40,29,12,27,14,82,75,35,30,72,60,8,85,10,28,65,4,42,78,52]],[[63,5,55,44,54,67,3,59,74,17,18,79,53,80,77,62,1,71]]] || [[57,19,83,26,2,16,49],[61,50,58,23,15,56],[90,93,96,100,88,94],[89,95,91,97,99,87,92,98]]",
            "Num_Drone: ": 4,
            "Num_Tech: ": 4,
            "Run Time: ": 260.927,
            "Score List: ": "Level 0: 115.110280 | Level 1: -0.404465 | Level 2: -0.054367 | Level 3: 0.000000 | Post Optimization: 0.000000 | Level 1: 0.000000 | Level 0: 0.000000 | Post Optimization: 0.000000 | "
        },
        "output.txt.3": {
            "Best Score: ": 66.26672604907202,
            "Best Solution: ": "66.266726 == [[[15,5,44,54,59,3,67,74,18,79,77,53,80,17,1]],[[7,27,21,82,8,68,16,2,28,40,26,65,4,49,52]],[[37,6,86,20,81,76,34,36,64,39,72,60,48,9,22,46,73,12,69,70,29,66]],[[13,38,33,10,85,32,45,84,51,24,14,11,35,75,30,41,43,25,47,31]]] || [[57,61,50,58,55,83,71],[19,62,63,78,42,56,23],[94,90,100,96,87,92,98],[88,93,99,97,91,95,89]]",
            "Num_Drone: ": 4,
            "Num_Tech: ": 4,
            "Run Time: ": 268.188,
            "Score List: ": "Level 0: 115.110280 | Level 1: -0.424320 | Level 2: 0.000000 | Level 3: 0.000000 | Post Optimization: 0.000000 | Level 1: 0.000000 | Level 0: 0.000000 | Post Optimization: 0.000000 | "
        },
        "output.txt.4": {
            "Best Score: ": 65.31167615457503,
            "Best Solution: ": "65.311676 == [[[15,61,50,55,58,60,72,35,75,39,6,37]],[[68,13,33,38,14,11,21,82,30,48,9,34,86,20,69,70,12,29,66]],[[31,8,47,76,22,81,36,64,27,85,10,63,42,78,56,23]],[[2,16,28,4,65,24,84,45,32,51,5,67,54,44,3,59,74,83,19,57,1,71]]] || [[62,77,53,80,18,17,79],[7,46,73,41,43,25,40,26,49,52],[90,93,87,92,88],[94,100,96,99,97,91,95,89,98]]",
            "Num_Drone: ": 4,
            "Num_Tech: ": 4,
            "Run Time: ": 254.711,
            "Score List: ": "Level 0: 115.110280 | Level 1: -0.432616 | Level 2: 0.029882 | Level 3: -0.029015 | Post Optimization: 0.000000 | Level 1: 0.000000 | Level 0: 0.000000 | Post Optimization: 0.000000 | "
        },
        "output.txt.5": {
            "Best Score: ": 66.0446964198018,
            "Best Solution: ": "66.044696 == [[[49,27,14,30,82,11,8,85,10,68,22,37,6,31]],[[34,7,76,81,48,9,39,36,86,20,47,12,41,43,70,69,66]],[[24,32,45,84,51,5,67,59,54,44,3,74,61,55,50,58,15]],[[13,38,33,40,73,46,21,75,35,64,72,60,25,29,26,2,16,52]]] || [[56,23,83,28,4,65,63,42,78],[1,62,77,79,18,17,53,80,57,19,71],[94,88,96,99,97,91,95,89,98],[90,100,93,87,92]]",
            "Num_Drone: ": 4,
            "Num_Tech: ": 4,
            "Run Time: ": 262.816,
            "Score List: ": "Level 0: 115.110280 | Level 1: -0.426248 | Level 2: 0.005237 | Level 3: -0.005210 | Post Optimization: 0.000000 | Level 1: 0.000000 | Level 0: 0.000000 | Post Optimization: 0.000000 | "
        }
    }
}
