{
    "100.10.1 | Average: ": 22.22560285263739,
    "100.10.1 | Best: ": 22.22560285263739,
    "100.10.1 | STD: ": 0.0,
    "100.10.1.txt": {
        "100.10.1.txt.1": {
            "Best Score: ": 22.22560285263739,
            "Best Solution: ": "22.225603 == [[[8,83,100,99,38,51,92,24,62,49,80,76,3,67]],[[98,15,95,71,61,64,45,57,28,78,42,44,43]],[[74,53,29,23,21,10,14,70,46,13,63,54,72,91,75,85]],[[50,97,2,40,81,69,56,79,20,4,59,7,39,66,18,31,30,17]]] || [[68,27,94,37,12,90,82,84,34],[52,87,6,41,36,33,26,77,88,22,47,25],[32,89,55,19,9,96,93,60],[86,65,11,73,48,35,16,58,5,1]]",
            "Num_Drone: ": 4,
            "Num_Tech: ": 4,
            "Run Time: ": 263.832,
            "Score List: ": "Level 0: 41.033591 | Level 1: -0.318552 | Level 2: -0.087570 | Level 3: -0.074439 | Level 4: -0.026940 | Post Optimization: 0.000000 | Level 2: -0.032754 | Level 1: 0.000000 | Level 0: 0.000000 | Post Optimization: 0.000000 | "
        }
    },
    "100.10.2 | Average: ": 21.00114338324657,
    "100.10.2 | Best: ": 21.00114338324657,
    "100.10.2 | STD: ": 0.0,
    "100.10.2.txt": {
        "100.10.2.txt.1": {
            "Best Score: ": 21.00114338324657,
            "Best Solution: ": "21.001143 == [[[8,37,65,33,5,66,89,28,63,25,7]],[[46,47,35,77,40,69,74,52,21,48,14]],[[1,62,100,99,12,12,55,12,97,71,49,75,20,6,39,36]],[[79,81,82,51,59,85,78,3,26,70,91,27,41,58,43,44,38,98]]] || [[13,86,50,84,15,73,22],[88,31,60,24,17,76,54,96,83,61,16,42],[56,87,4,94,34,72,95,45,18,90,23,92,32],[64,68,2,67,53,57,29,9,93,30,80,11,10,19]]",
            "Num_Drone: ": 4,
            "Num_Tech: ": 4,
            "Run Time: ": 277.277,
            "Score List: ": "Level 0: 40.925807 | Level 1: -0.256171 | Level 2: -0.135162 | Level 3: -0.058257 | Level 4: -0.017962 | Post Optimization: 0.000000 | Level 2: -0.098836 | Level 1: -0.037705 | Level 0: -0.005364 | Post Optimization: 0.000000 | "
        }
    },
    "100.10.3 | Average: ": 21.450516531356694,
    "100.10.3 | Best: ": 21.450516531356694,
    "100.10.3 | STD: ": 0.0,
    "100.10.3.txt": {
        "100.10.3.txt.1": {
            "Best Score: ": 21.450516531356694,
            "Best Solution: ": "21.450517 == [[[46,93,14,34,12,36,70,38,83,90,22,37,10,65,55]],[[69,25,59,4,24,28,48,13,29,99,2,20]],[[84,85,16,67,72,96,11]],[[71,75,95,79,45,61,100,87,50,31,77,97,17,78,58,40,82,51,41]]] || [[98,6,86,89,18,9,73,66,43,56,80,19,8,91,76],[54,74,1,15,88,52,30,47,94,21,42,81],[7,26,53,92,3,35,23,57,27,39],[49,63,60,44,64,32,33,62,68,5]]",
            "Num_Drone: ": 4,
            "Num_Tech: ": 4,
            "Run Time: ": 249.17,
            "Score List: ": "Level 0: 50.620924 | Level 1: -0.431768 | Level 2: -0.094401 | Level 3: -0.065349 | Level 4: -0.035825 | Post Optimization: 0.000000 | Level 2: -0.048792 | Level 1: -0.025491 | Level 0: -0.014221 | Post Optimization: 0.000000 | "
        }
    },
    "100.10.4 | Average: ": 20.901813611642567,
    "100.10.4 | Best: ": 20.901813611642567,
    "100.10.4 | STD: ": 0.0,
    "100.10.4.txt": {
        "100.10.4.txt.1": {
            "Best Score: ": 20.901813611642567,
            "Best Solution: ": "20.901814 == [[[18,16,75,11,65,37,15,77,60,82,49,43,44,73,59]],[[66,55,83,42,51,8,6,45,50,33,22,78,85,1]],[[90,23,84,69,67,98,10,31,47,35,61,74,76,30,40,25,4,93]],[[86,88,48,14,95,63,12,70,81,39,7,100,99,46,27]]] || [[41,80,9,57,3,2],[53,24,34,17,13,97,26,32,91,87,96,52],[68,21,72,64,62,89,5],[54,56,28,29,92,36,71,58,19,38,94,79,20]]",
            "Num_Drone: ": 4,
            "Num_Tech: ": 4,
            "Run Time: ": 248.339,
            "Score List: ": "Level 0: 48.516817 | Level 1: -0.442758 | Level 2: -0.056225 | Level 3: -0.032013 | Level 4: -0.100648 | Post Optimization: 0.000000 | Level 2: -0.043463 | Level 1: -0.016265 | Level 0: 0.000000 | Post Optimization: 0.000000 | "
        }
    },
    "100.20.1 | Average: ": 44.31237077134771,
    "100.20.1 | Best: ": 44.31237077134771,
    "100.20.1 | STD: ": 0.0,
    "100.20.1.txt": {
        "100.20.1.txt.1": {
            "Best Score: ": 44.31237077134771,
            "Best Solution: ": "44.312371 == [[[52,85,31,17,61,51,32,99,95,4,2,93,88,74,42,86,39]],[[16,27,75,11,33,23,81,30,58,64,22,13,76,70,90,59,91,67,20,84]],[[54,47,5,73,15,98,19,14,10,53,44,68,89,12,35,3,77]],[[83,34,56,65,29,25,82,62,37,66]]] || [[38,96,97,80,71,92,57,50,100],[24,69,79,43,45,8,94,60],[6,41,28,55,7,49,18,21,78,1],[40,72,36,63,48,9,46,87,26]]",
            "Num_Drone: ": 4,
            "Num_Tech: ": 4,
            "Run Time: ": 248.589,
            "Score List: ": "Level 0: 72.737433 | Level 1: -0.353075 | Level 2: -0.053210 | Level 3: 0.064513 | Level 4: -0.041005 | Post Optimization: 0.000000 | Level 2: -0.013916 | Level 1: -0.011951 | Level 0: 0.000000 | Post Optimization: 0.000000 | "
        }
    },
    "100.20.2 | Average: ": 43.21951609345681,
    "100.20.2 | Best: ": 43.21951609345681,
    "100.20.2 | STD: ": 0.0,
    "100.20.2.txt": {
        "100.20.2.txt.1": {
            "Best Score: ": 43.21951609345681,
            "Best Solution: ": "43.219516 == [[[91,8,75,43,69,29,36,34,1,58,100,68,33,51]],[[14,96,28,32,56,60,10,78,89,20,79,12]],[[42,83,86,19,25,44,84,93,87,18,92,70,67,22,6]],[[99,73,24,41,11,55,95,59,37,57,16,9,7,85,39,46,71,31,88]]] || [[62,61,5,76,77,38,26,17,15,81],[47,40,2,21,52,90,98,97,72,50,27],[66,30,94,23,64,54,65,49],[4,63,45,82,80,74,3,35,48,53,13]]",
            "Num_Drone: ": 4,
            "Num_Tech: ": 4,
            "Run Time: ": 247.953,
            "Score List: ": "Level 0: 75.977050 | Level 1: -0.361896 | Level 2: -0.021936 | Level 3: 0.001197 | Level 4: -0.034124 | Post Optimization: 0.000000 | Level 2: -0.021873 | Level 1: -0.008169 | Level 0: -0.028451 | Post Optimization: 0.000000 | "
        }
    },
    "100.20.3 | Average: ": 44.93122509471051,
    "100.20.3 | Best: ": 44.93122509471051,
    "100.20.3 | STD: ": 0.0,
    "100.20.3.txt": {
        "100.20.3.txt.1": {
            "Best Score: ": 44.93122509471051,
            "Best Solution: ": "44.931225 == [[[56,23,38,67,72,69,88,50,32,78,83,12,47,84,27,86,95,76,45,36]],[[75,49,57,53,4,98,77,13,59,81,16,1,92,100,28,68,20,94,79]],[[63,34,19,91,70,64,15,48,55,11]],[[29,24,65,71,73,5,14,10,97,51,58,26,18,80]]] || [[9,42,87,8,93,62,40,21,3,52,22],[66,35,54,96],[30,25,41,82,89,6,46,7,39,17,2,37,31,61],[33,44,90,60,85,43,74,99]]",
            "Num_Drone: ": 4,
            "Num_Tech: ": 4,
            "Run Time: ": 248.573,
            "Score List: ": "Level 0: 72.794349 | Level 1: -0.295067 | Level 2: -0.088560 | Level 3: 0.023846 | Level 4: -0.053637 | Post Optimization: 0.000000 | Level 2: -0.008524 | Level 1: 0.000000 | Level 0: 0.000000 | Post Optimization: 0.000000 | "
        }
    },
    "100.20.4 | Average: ": 44.11910401235648,
    "100.20.4 | Best: ": 44.11910401235648,
    "100.20.4 | STD: ": 0.0,
    "100.20.4.txt": {
        "100.20.4.txt.1": {
            "Best Score: ": 44.11910401235648,
            "Best Solution: ": "44.119104 == [[[5,60,62,23,9,46,21,43,54,100,55,53,69,80,57,76,31,3,35]],[[92,79,2,72,40,14,85,87,61,58,11,71]],[[91,66,74,22,19,26,81,63,44,75,10]],[[88,49,47,37,70,32,16,82,33,25,42,83,99]]] || [[36,84,20,34,15,29,52,59,89,38,4],[45,28,93,90,24,65,73,50,77,12,86,39,95],[67,41,30,27,94,68,18,1,78,97,56,64],[8,13,96,98,17,51,48,7,6]]",
            "Num_Drone: ": 4,
            "Num_Tech: ": 4,
            "Run Time: ": 255.639,
            "Score List: ": "Level 0: 75.849879 | Level 1: -0.350702 | Level 2: 0.018098 | Level 3: 0.027929 | Level 4: -0.070241 | Post Optimization: 0.000000 | Level 2: 0.000000 | Level 1: 0.000000 | Level 0: -0.058587 | Post Optimization: -0.022032 | "
        }
    },
    "100.30.1 | Average: ": 65.89896513307252,
    "100.30.1 | Best: ": 65.89896513307252,
    "100.30.1 | STD: ": 0.0,
    "100.30.1.txt": {
        "100.30.1.txt.1": {
            "Best Score: ": 65.89896513307252,