{
    "100.10.1 | Average: ": 23.774733404659,
    "100.10.1 | Best: ": 21.781804873651893,
    "100.10.1.txt": {
        "100.10.1.txt.1": {
            "Best Score is: ": 21.781804873651893,
            "Best Solution is: ": "21.781805 == [[[98,15,30,18,72,66,63,95,71,31,52,87,6,43,86]],[[83,99,100,38,51,62,92,24,3,76,80,49,90,82,85]],[[61,64,45,57,78,28,41,42,44,33,36,26,77,88,22,47,25]],[[59,7,4,20,23,21,10,14,70,13,46,39,54,91,17]]] || [[53,74,75,29,40,81,94,27,34,84,67,8],[65,93,96,9,19,55,60],[48,1,35,16,58,5,89,32,73,11],[97,50,69,56,79,37,12,68,2]]",
            "Num_Drone: ": 4,
            "Num_Tech: ": 4,
            "Run Time is: ": 250.518
        },
        "100.10.1.txt.2": {
            "Best Score is: ": 24.149613301160006,
            "Best Solution is: ": "24.149613 == [[[69,56,79,21,23,4,46,63,66,39,13,7,59,72,54,75]],[[94,12,90,49,80,76,3,62,92,24,51,99,100,83,50,85]],[[17,43,44,26,42,36,33,41,57,78,28,6,87,52,31,30,15,98,86]],[[74,40,81,29,20,10,14,70,95,18,91,53,2,97]]] || [[47,22,77,88,96,9,93,60,89,5,32,48],[68,27,37,34,84,82,38,8,67],[71,61,64,45,25,65],[73,1,35,16,58,19,55,11]]",
            "Num_Drone: ": 4,
            "Num_Tech: ": 4,
            "Run Time is: ": 239.684
        },
        "100.10.1.txt.3": {
            "Best Score is: ": 24.540332461452095,
            "Best Solution is: ": "24.540332 == [[[50,97,29,20,10,70,14,46,66,7,59,54,72,18,30,31,15,98,91,53,74]],[[2,68,27,94,69,40,81,23,21,79,56,37,12,90,34,82,84,67,85,86]],[[83,80,49,76,3,38,100,51,92,62,24,99,8]],[[75,39,4,13,63,95,71,61,64,45,41,42,44]]] || [[89,55,19,60,88,77,22,47,25],[17,52,87,6,28,57,78],[43,26,33,36,9,96,93,73,11],[65,32,48,35,16,58,5,1]]",
            "Num_Drone: ": 4,
            "Num_Tech: ": 4,
            "Run Time is: ": 250.163
        },
        "100.10.1.txt.4": {
            "Best Score is: ": 24.19136109305285,
            "Best Solution is: ": "24.191361 == [[[85,83,82,12,90,49,80,76,3,38,24,92,62,51,100,8]],[[75,59,7,4,39,66,63,46,13,14,70,29,81,40,69,27,94,68]],[[86,50,97,2,53,74,20,10,21,23,56,79,37,84,34,99,67]],[[91,54,72,95,61,64,45,78,42,36,33,44,26,43]]] || [[5,1,35,16,58,19,55,89],[17,41,57,28,87,52],[18,30,31,71,6,15,98],[65,32,60,93,96,9,77,88,22,47,25,11,73,48]]",
            "Num_Drone: ": 4,
            "Num_Tech: ": 4,
            "Run Time is: ": 247.117
        },
        "100.10.1.txt.5": {
            "Best Score is: ": 24.210555293978164,
            "Best Solution is: ": "24.210555 == [[[86,48,1,58,16,35,5,19,26,33,36,77]],[[85,100,99,51,38,62,24,92,76,80,49,3,82,84,34,67,8,83]],[[74,75,54,7,4,59,39,66,13,46,63,95,72,91,15,18,17,47]],[[40,29,70,14,10,21,23,20,81,69,27,94,2,97,53,50]]] || [[68,56,79,37,12,90],[11,73,55,89,32,60,93,9,96,88,22,25],[65,52,87,6,45,64,61,71,31,30,98],[41,28,57,78,42,44,43]]",
            "Num_Drone: ": 4,
            "Num_Tech: ": 4,
            "Run Time is: ": 251.434
        }
    },
    "100.20.1 | Average: ": 43.28630130140318,
    "100.20.1 | Best: ": 41.756194477340635,
    "100.20.1.txt": {
        "100.20.1.txt.1": {
            "Best Score is: ": 42.05580751111187,
            "Best Solution is: ": "42.055808 == [[[54,47,5,73,15,68,89,98,10,19,14,53]],[[16,17,61,51,95,99,32,28,55,86,39,7,49,18,78,1]],[[60,94,8,64,30,58,81,22,13,76,70,91,59,90,92,57,71,80,50,100]],[[77,3,12,35,44,83,82,62,37,25,65,72,40,84]]] || [[9,46,66,87,97,96,38,67],[93,4,2,41,42,74,88,21,6],[85,31,27,75,33,11,23,45,43,79,52,69,24],[34,29,56,36,63,48,26,20]]",
            "Num_Drone: ": 4,
            "Num_Tech: ": 4,
            "Run Time is: ": 247.971
        },
        "100.20.1.txt.2": {
            "Best Score is: ": 43.47315176565409,
            "Best Solution is: ": "43.473152 == [[[16,85,31,17,61,51,4,95,99,32,2,93,41,28,42,21,78,1]],[[27,75,11,33,23,45,81,58,30,64,22,13,90,91,59,76,70,8,94,60,43,52]],[[54,47,5,73,15,98,53,3,35,12,44,68,89,10,19,14]],[[72,83,34,29,82,62,37,25,65,56,36,63,40]]] || [[88,74,86,39,55,7,49,18,6],[97,96,38,84,77],[26,80,71,92,57,50,100,67,79,69],[24,48,9,46,66,87,20]]",
            "Num_Drone: ": 4,
            "Num_Tech: ": 4,
            "Run Time is: ": 245.494
        },
        "100.20.1.txt.3": {
            "Best Score is: ": 41.756194477340635,
            "Best Solution is: ": "41.756194 == [[[1,78,18,39,7,49,5,73,15,47,54]],[[24,69,79,43,60,94,8,13,76,70,90,59,91,64,58,30,22,81,52]],[[6,16,17,61,51,4,95,99,32,2,93,41,28,55,86,42,74,88,21]],[[83,82,62,37,36,29,25,56,65,34,72,40]]] || [[38,96,97,80,71,92,57,50,100,67],[3,12,35,44,68,89,98,53,10,19,14,77],[85,31,75,27,11,33,23,45],[84,63,48,9,46,66,87,26,20]]",
            "Num_Drone: ": 4,
            "Num_Tech: ": 4,
            "Run Time is: ": 245.365
        },
        "100.20.1.txt.4": {
            "Best Score is: ": 47.39015827556863,
            "Best Solution is: ": "47.390158 == [[[3,35,12,89,68,44,83,82,62,37,25,56,65,34,63,48,26]],[[78,74,42,88,41,2,93,4,32,99,95,75,27,17,61,51]],[[24,52,43,60,94,92,57,80,71,87,46,9,66,29,36,72,40]],[[98,15,5,73,47,54,1,19,53,10,14,77]]] || [[91,59,90,76,70,13,22],[85,31,11,33,23,45,81,58,30,64,8,79,69],[18,39,49,7,55,28,86,21,6],[84,20,38,96,97,50,100,67,16]]",
            "Num_Drone: ": 4,
            "Num_Tech: ": 4,
            "Run Time is: ": 256.541
        },
        "100.20.1.txt.5": {
            "Best Score is: ": 41.756194477340635,
            "Best Solution is: ": "41.756194 == [[[85,31,27,75,11,33,23,45,81,58,30,64,22,13,70,91,76,90,59,100]],[[21,88,74,42,86,55,28,41,93,2,32,99,95,4,51,61,17,16,6]],[[1,78,18,39,7,49,5,73,15,47,54]],[[29,37,62,25,82,83,34,65,56,36,72,40,84]]] || [[77,3,35,12,44,68,89,98,53,10,14,19],[24,69,79,43,60,94,8,50,67,52],[38,96,80,92,57,71,97],[63,48,87,66,46,9,26,20]]",
            "Num_Drone: ": 4,
            "Num_Tech: ": 4,
            "Run Time is: ": 253.993
        }
    },
    "100.30.1 | Average: ": 68.73474512694409,
    "100.30.1 | Best: ": 65.40012093406607,
    "100.30.1.txt": {
        "100.30.1.txt.1": {
            "Best Score is: ": 69.76206769139517,
            "Best Solution is: ": "69.762068 == [[[40,2,94,18,55,34,87,24,35,26,20,78,39]],[[57,14,32,90,80,33,100,30,44,15,9,19,6,81,16]],[[75,85,62,38,49,60,27,3,93,23,7,48,42,92,21,22,71]],[[8,51,68,98,53,59,13,91,17,64,66,1,58,25,69]]] || [[61,41,97,88,50,45,46,65,79,31,84],[89,36,4,56,73,86,99,74],[54,77,67,5,95,82,12,83,96],[52,28,37,29,63,43,70,47,72,76,10,11]]",
            "Num_Drone: ": 4,
            "Num_Tech: ": 4,
            "Run Time is: ": 261.157
        },
        "100.30.1.txt.2": {
            "Best Score is: ": 65.40012093406607,
            "Best Solution is: ": "65.400121 == [[[61,41,88,98,68,79,65,46,45,50,53,59,13,91,64,66,17,58,1,69]],[[83,54,77,67,5,95,82,12,70,47,72,76,43,29,63,37,28,32,14,71]],[[20,85,62,38,49,60,93,3,27,8,23]],[[9,18,44,80,33,100,30,55,34,87,2,94,19,6,81,16,39]]] || [[22,21,92,42,51,97,25,31,84],[96,99,86,4,89,73,56,36],[11,15,10,57,52,90,74],[7,48,75,78,24,40,35,26]]",
            "Num_Drone: ": 4,
            "Num_Tech: ": 4,
            "Run Time is: ": 249.675
        },
        "100.30.1.txt.3": {
            "Best Score is: ": 69.72920916372482,
            "Best Solution is: ": "69.729209 == [[[94,18,9,44,80,33,30,100,55,34,87,2,40,24,26]],[[19,6,35,78,85,62,38,49,60,75,20,81,16]],[[3,93,23,27,8,51,48,7,21,22,92,42,39]],[[97,68,50,53,59,13,91,17,66,64,4,89,99]]] || [[96,36,56,73,86,72,47,70,76,52,57,15,11],[61,41,88,98,65,46,45,79,1,58,25,69,31,84],[54,77,67,5,95,82,12,83],[74,10,29,63,43,37,28,90,32,14,71]]",
            "Num_Drone: ": 4,
            "Num_Tech: ": 4,
            "Run Time is: ": 236.592
        },
        "100.30.1.txt.4": {
            "Best Score is: ": 69.72920916372482,