{
    "10.10.1.txt": {
        "10.10.1.txt.1": {
            "Best Score is: ": 16.069888292851275,
            "Best Solution is: ": "16.069888 == [[[10,4,5]],[[3]],[[2,8]]] || [[7],[9],[6,1]]",
            "Num_Drone: ": 3,
            "Num_Tech: ": 3,
            "Run Time is: ": 0.412
        }
    }
}
