{
    "20.5.4 | Average: ": 9.785352186107364,
    "20.5.4 | Best: ": 9.785352186107364,
    "20.5.4 | STD: ": 0.0,
    "20.5.4.txt": {
        "20.5.4.txt.1": {
            "Best Score: ": 9.785352186107364,
            "Best Solution: ": "9.785352 == [[[17,8,7,2,11,16,6,14,15]],[[1,12,20,10,3,18]]] || [[19,9,4],[13,5]]",
            "Num_Drone: ": 2,
            "Num_Tech: ": 2,
            "Run Time: ": 2.295,
            "Score List: ": "Level 0: 13.987650 | Level 1: -0.163418 | Level 2: -0.163775 | Level 3: 0.000000 | Post Optimization: 0.000000 | Level 1: 0.000000 | Level 0: 0.000000 | Post Optimization: 0.000000 | "
        }
    }
}
