{
    "20.5.4 | Average: ": 9.76159647709275,
    "20.5.4 | Best: ": 9.76159647709275,
    "20.5.4 | STD: ": 0.0,
    "20.5.4.txt": {
        "20.5.4.txt.1": {
            "Best Score: ": 9.76159647709275,
            "Best Solution: ": "9.761596 == [[[5,3,10,17,8]],[[2,7,11,16,6,19]]] || [[4,9,14,15],[20,1,13,12,18]]",
            "Num_Drone: ": 2,
            "Num_Tech: ": 2,
            "Run Time: ": 2.217,
            "Score List: ": "Level 0: 13.987650 | Level 1: -0.163418 | Level 2: -0.157314 | Level 3: -0.007667 | Post Optimization: 0.000000 | Level 1: 0.000000 | Level 0: -0.002428 | Post Optimization: 0.000000 | "
        }
    }
}
