{
    "20.5.4 | Average: ": 9.33300386979188,
    "20.5.4 | Best: ": 9.33300386979188,
    "20.5.4 | STD: ": 0.0,
    "20.5.4.txt": {
        "20.5.4.txt.1": {
            "Best Score: ": 9.33300386979188,
            "Best Solution: ": "9.333004 == [[[14,15,6,19,9,4]],[[18,12,1,20,13,5]]] || [[3,10,17,8],[11,16,7,2]]",
            "Num_Drone: ": 2,
            "Num_Tech: ": 2,
            "Run Time: ": 2.107,
            "Score List: ": "Level 0: 13.987650 | Level 1: -0.332768 | Level 2: 0.000000 | Level 3: 0.000000 | Post Optimization: 0.000000 | Level 1: 0.000000 | Level 0: 0.000000 | Post Optimization: 0.000000 | "
        }
    }
}
