{
    "10.10.1 | Average: ": 18.09346866445267,
    "10.10.1 | Best: ": 18.09346866445267,
    "10.10.1 | STD: ": 0.0,
    "10.10.1.txt": {
        "10.10.1.txt.1": {
            "Best Score: ": 18.09346866445267,
            "Best Solution: ": "18.093469 == [[[6,10,9]],[[7,3,8]]] || [[5,4,1],[2]]",
            "Num_Drone: ": 2,
            "Num_Tech: ": 2,
            "Run Time: ": 0.498,
            "Score List: ": "Level 0: 22.239228 | Level 1: -0.159579 | Level 2: 0.000000 | Level 3: 0.000000 | Level 4: 0.000000 | Post Optimization: 0.000000 | Level 2: 0.000000 | Level 1: 0.000000 | Level 0: -0.031934 | Post Optimization: 0.000000 | "
        }
    },
    "10.10.2 | Average: ": 17.901555346887605,
    "10.10.2 | Best: ": 17.901555346887605,
    "10.10.2 | STD: ": 0.0,
    "10.10.2.txt": {
        "10.10.2.txt.1": {
            "Best Score: ": 17.901555346887605,
            "Best Solution: ": "17.901555 == [[[4,5,7]],[[3,1,10,2]]] || [[8],[6,9]]",
            "Num_Drone: ": 2,
            "Num_Tech: ": 2,
            "Run Time: ": 0.489,
            "Score List: ": "Level 0: 26.582580 | Level 1: -0.281315 | Level 2: -0.062967 | Level 3: 0.000000 | Level 4: 0.000000 | Post Optimization: 0.000000 | Level 2: 0.000000 | Level 1: 0.000000 | Level 0: 0.000000 | Post Optimization: 0.000000 | "
        }
    },
    "10.10.3 | Average: ": 19.713438491688663,
    "10.10.3 | Best: ": 19.713438491688663,
    "10.10.3 | STD: ": 0.0,
    "10.10.3.txt": {
        "10.10.3.txt.1": {
            "Best Score: ": 19.713438491688663,
            "Best Solution: ": "19.713438 == [[[7,2,4,9,5]],[[6]]] || [[1,8],[10,3]]",
            "Num_Drone: ": 2,
            "Num_Tech: ": 2,
            "Run Time: ": 0.533,
            "Score List: ": "Level 0: 30.249156 | Level 1: -0.348298 | Level 2: 0.000000 | Level 3: 0.000000 | Level 4: 0.000000 | Post Optimization: 0.000000 | Level 2: 0.000000 | Level 1: 0.000000 | Level 0: 0.000000 | Post Optimization: 0.000000 | "
        }
    },
    "10.10.4 | Average: ": 15.926132516673796,
    "10.10.4 | Best: ": 15.926132516673796,
    "10.10.4 | STD: ": 0.0,
    "10.10.4.txt": {
        "10.10.4.txt.1": {
            "Best Score: ": 15.926132516673796,
            "Best Solution: ": "15.926133 == [[[9,3]],[[10,2,5,4]]] || [[1,7],[8,6]]",
            "Num_Drone: ": 2,
            "Num_Tech: ": 2,
            "Run Time: ": 0.463,
            "Score List: ": "Level 0: 26.418521 | Level 1: -0.397160 | Level 2: 0.000000 | Level 3: 0.000000 | Level 4: 0.000000 | Post Optimization: 0.000000 | Level 2: 0.000000 | Level 1: 0.000000 | Level 0: 0.000000 | Post Optimization: 0.000000 | "
        }
    },
    "10.20.1 | Average: ": 32.59108855733972,
    "10.20.1 | Best: ": 32.59108855733972,
    "10.20.1 | STD: ": 0.0,
    "10.20.1.txt": {
        "10.20.1.txt.1": {
            "Best Score: ": 32.59108855733972,
            "Best Solution: ": "32.591089 == [[[1,5,7]],[[4,6,3,8]]] || [[9,2],[10]]",
            "Num_Drone: ": 2,
            "Num_Tech: ": 2,
            "Run Time: ": 0.507,
            "Score List: ": "Level 0: 45.214963 | Level 1: -0.279197 | Level 2: 0.000000 | Level 3: 0.000000 | Level 4: 0.000000 | Post Optimization: 0.000000 | Level 2: 0.000000 | Level 1: 0.000000 | Level 0: 0.000000 | Post Optimization: 0.000000 | "
        }
    },
    "10.20.2 | Average: ": 34.687276117508475,
    "10.20.2 | Best: ": 34.687276117508475,
    "10.20.2 | STD: ": 0.0,
    "10.20.2.txt": {
        "10.20.2.txt.1": {
            "Best Score: ": 34.687276117508475,
            "Best Solution: ": "34.687276 == [[[5,6,4]],[[1,3,7]]] || [[9,2,10],[8]]",
            "Num_Drone: ": 2,
            "Num_Tech: ": 2,
            "Run Time: ": 0.486,
            "Score List: ": "Level 0: 46.495446 | Level 1: -0.253964 | Level 2: 0.000000 | Level 3: 0.000000 | Level 4: 0.000000 | Post Optimization: 0.000000 | Level 2: 0.000000 | Level 1: -0.000000 | Level 0: 0.000000 | Post Optimization: 0.000000 | "
        }
    },
    "10.20.3 | Average: ": 34.45319043691563,
    "10.20.3 | Best: ": 34.45319043691563,
    "10.20.3 | STD: ": 0.0,
    "10.20.3.txt": {
        "10.20.3.txt.1": {
            "Best Score: ": 34.45319043691563,
            "Best Solution: ": "34.453190 == [[[9,3,7]],[[6,1,8]]] || [[4,10],[5,2]]",
            "Num_Drone: ": 2,
            "Num_Tech: ": 2,
            "Run Time: ": 0.544,
            "Score List: ": "Level 0: 54.507510 | Level 1: -0.366518 | Level 2: 0.000000 | Level 3: 0.000000 | Level 4: 0.000000 | Post Optimization: 0.000000 | Level 2: 0.000000 | Level 1: 0.000000 | Level 0: -0.002210 | Post Optimization: 0.000000 | "
        }
    },
    "10.20.4 | Average: ": 35.68932354111509,
    "10.20.4 | Best: ": 35.68932354111509,
    "10.20.4 | STD: ": 0.0,
    "10.20.4.txt": {
        "10.20.4.txt.1": {
            "Best Score: ": 35.68932354111509,
            "Best Solution: ": "35.689324 == [[[5,9]],[[7,8,10,4]]] || [[3,6],[1,2]]",
            "Num_Drone: ": 2,
            "Num_Tech: ": 2,
            "Run Time: ": 0.513,
            "Score List: ": "Level 0: 47.091903 | Level 1: -0.242135 | Level 2: 0.000000 | Level 3: 0.000000 | Level 4: 0.000000 | Post Optimization: 0.000000 | Level 2: 0.000000 | Level 1: 0.000000 | Level 0: 0.000000 | Post Optimization: 0.000000 | "
        }
    },
    "10.5.1 | Average: ": 8.449213302090616,
    "10.5.1 | Best: ": 8.449213302090616,
    "10.5.1 | STD: ": 0.0,
    "10.5.1.txt": {
        "10.5.1.txt.1": {
            "Best Score: ": 8.449213302090616,
            "Best Solution: ": "8.449213 == [[[9,1,8,7,3]],[[10,2]]] || [[4],[5,6]]",
            "Num_Drone: ": 2,
            "Num_Tech: ": 2,
            "Run Time: ": 0.495,
            "Score List: ": "Level 0: 13.061695 | Level 1: -0.281041 | Level 2: -0.100269 | Level 3: 0.000000 | Level 4: 0.000000 | Post Optimization: 0.000000 | Level 2: 0.000000 | Level 1: 0.000000 | Level 0: 0.000000 | Post Optimization: 0.000000 | "
        }
    },
    "10.5.2 | Average: ": 8.947312497903512,
    "10.5.2 | Best: ": 8.947312497903512,
    "10.5.2 | STD: ": 0.0,
    "10.5.2.txt": {
        "10.5.2.txt.1": {
            "Best Score: ": 8.947312497903512,
            "Best Solution: ": "8.947312 == [[[10,2,8,9]],[[6,7]]] || [[4,5,1],[3]]",
            "Num_Drone: ": 2,
            "Num_Tech: ": 2,
            "Run Time: ": 0.515,
            "Score List: ": "Level 0: 11.644100 | Level 1: -0.231601 | Level 2: 0.000000 | Level 3: 0.000000 | Level 4: 0.000000 | Post Optimization: 0.000000 | Level 2: 0.000000 | Level 1: 0.000000 | Level 0: 0.000000 | Post Optimization: 0.000000 | "
        }
    },
    "10.5.3 | Average: ": 9.31131328912193,
    "10.5.3 | Best: ": 9.31131328912193,
    "10.5.3 | STD: ": 0.0,
    "10.5.3.txt": {
        "10.5.3.txt.1": {
            "Best Score: ": 9.31131328912193,
            "Best Solution: ": "9.311313 == [[[4,1,10,9]],[[5,7,8]]] || [[3,2],[6]]",
            "Num_Drone: ": 2,
            "Num_Tech: ": 2,
            "Run Time: ": 0.538,
            "Score List: ": "Level 0: 15.191882 | Level 1: -0.387086 | Level 2: 0.000000 | Level 3: 0.000000 | Level 4: 0.000000 | Post Optimization: 0.000000 | Level 2: 0.000000 | Level 1: 0.000000 | Level 0: 0.000000 | Post Optimization: 0.000000 | "
        }
    },
    "10.5.4 | Average: ": 9.856472371300761,
    "10.5.4 | Best: ": 9.856472371300761,
    "10.5.4 | STD: ": 0.0,
    "10.5.4.txt": {
        "10.5.4.txt.1": {
            "Best Score: ": 9.856472371300761,
            "Best Solution: ": "9.856472 == [[[9,7,10]],[[5,8]]] || [[6,4,1,2],[3]]",
            "Num_Drone: ": 2,
            "Num_Tech: ": 2,
            "Run Time: ": 0.482,
            "Score List: ": "Level 0: 14.120654 | Level 1: -0.301982 | Level 2: 0.000000 | Level 3: 0.000000 | Level 4: 0.000000 | Post Optimization: 0.000000 | Level 2: 0.000000 | Level 1: 0.000000 | Level 0: 0.000000 | Post Optimization: 0.000000 | "
        }
    }
}
