{
    "12.10.2 | Average: ": 15.523923799336353,
    "12.10.2 | Best: ": 15.523923799336352,
    "12.10.2 | STD: ": 1.9860273225978185e-15,
    "12.10.2.txt": {
        "12.10.2.txt.1": {
            "Best Score: ": 15.523923799336352,
            "Best Solution: ": "15.523924 == [[[3,1,11]],[[9,6]],[[10,2]]] || [[5],[8,7],[4,12]]",
            "Num_Drone: ": 3,
            "Num_Tech: ": 3,
            "Run Time: ": 1.218,
            "Score List: ": "Level 0: 25.866024 | Level 1: -0.399833 | Level 2: 0.000000 | Level 3: 0.000000 | Post Optimization: 0.000000 | Level 2: 0.000000 | Level 1: 0.000000 | Level 0: 0.000000 | Post Optimization: 0.000000 | "
        },
        "12.10.2.txt.2": {
            "Best Score: ": 15.523923799336352,
            "Best Solution: ": "15.523924 == [[[3,1,11]],[[9,6]],[[10,2]]] || [[5],[8,7],[4,12]]",
            "Num_Drone: ": 3,
            "Num_Tech: ": 3,
            "Run Time: ": 1.176,
            "Score List: ": "Level 0: 25.866024 | Level 1: -0.399833 | Level 2: 0.000000 | Level 3: 0.000000 | Post Optimization: 0.000000 | Level 2: 0.000000 | Level 1: 0.000000 | Level 0: 0.000000 | Post Optimization: 0.000000 | "
        },
        "12.10.2.txt.3": {
            "Best Score: ": 15.523923799336352,
            "Best Solution: ": "15.523924 == [[[3,1,11]],[[9,6]],[[10,2]]] || [[5],[8,7],[4,12]]",
            "Num_Drone: ": 3,
            "Num_Tech: ": 3,
            "Run Time: ": 1.196,
            "Score List: ": "Level 0: 25.866024 | Level 1: -0.399833 | Level 2: 0.000000 | Level 3: 0.000000 | Post Optimization: 0.000000 | Level 2: 0.000000 | Level 1: 0.000000 | Level 0: 0.000000 | Post Optimization: 0.000000 | "
        },
        "12.10.2.txt.4": {
            "Best Score: ": 15.523923799336352,
            "Best Solution: ": "15.523924 == [[[3,1,11]],[[9,6]],[[10,2]]] || [[5],[8,7],[4,12]]",
            "Num_Drone: ": 3,
            "Num_Tech: ": 3,
            "Run Time: ": 1.171,
            "Score List: ": "Level 0: 25.866024 | Level 1: -0.399833 | Level 2: 0.000000 | Level 3: 0.000000 | Post Optimization: 0.000000 | Level 2: 0.000000 | Level 1: 0.000000 | Level 0: 0.000000 | Post Optimization: 0.000000 | "
        },
        "12.10.2.txt.5": {
            "Best Score: ": 15.523923799336352,
            "Best Solution: ": "15.523924 == [[[3,1,11]],[[9,6]],[[10,2]]] || [[5],[8,7],[4,12]]",
            "Num_Drone: ": 3,
            "Num_Tech: ": 3,
            "Run Time: ": 1.186,
            "Score List: ": "Level 0: 25.866024 | Level 1: -0.399833 | Level 2: 0.000000 | Level 3: 0.000000 | Post Optimization: 0.000000 | Level 2: 0.000000 | Level 1: 0.000000 | Level 0: 0.000000 | Post Optimization: 0.000000 | "
        }
    }
}
