{
    "20.20.4 | Average: ": 40.16791961649451,
    "20.20.4 | Best: ": 40.16791961649451,
    "20.20.4 | STD: ": 0.0,
    "20.20.4.txt": {
        "20.20.4.txt.1": {
            "Best Score: ": 40.16791961649451,
            "Best Solution: ": "40.167920 == [[[8,5,7,15,6,3,9]],[[18,11,20,17,4]]] || [[1,14,2,13],[10,19,16,12]]",
            "Num_Drone: ": 2,
            "Num_Tech: ": 2,
            "Run Time: ": 2.065,
            "Score List: ": "Level 0: 55.473224 | Level 1: -0.203387 | Level 2: 0.000000 | Level 3: 0.000000 | Post Optimization: 0.000000 | Level 1: -0.000000 | Level 0: -0.091032 | Post Optimization: 0.000000 | "
        }
    }
}
