{
    "12.10.1 | Average: ": 18.74193158813697,
    "12.10.1 | Best: ": 18.74193158813697,
    "12.10.1 | STD: ": 0.0,
    "12.10.1.txt": {
        "12.10.1.txt.1": {
            "Best Score: ": 18.74193158813697,
            "Best Solution: ": "18.741932 == [[[11,1,9,5]],[[10,6,8,12,4]]] || [[3,7],[2]]",
            "Num_Drone: ": 2,
            "Num_Tech: ": 2,
            "Run Time: ": 0.823,
            "Score List: ": "Level 0: 36.389676 | Level 1: -0.476627 | Level 2: -0.002815 | Level 3: 0.000000 | Level 4: 0.000000 | Post Optimization: 0.000000 | Level 2: 0.000000 | Level 1: 0.000000 | Level 0: -0.013155 | Post Optimization: 0.000000 | "
        }
    },
    "12.10.2 | Average: ": 16.430168485722294,
    "12.10.2 | Best: ": 16.430168485722294,
    "12.10.2 | STD: ": 0.0,
    "12.10.2.txt": {
        "12.10.2.txt.1": {
            "Best Score: ": 16.430168485722294,
            "Best Solution: ": "16.430168 == [[[5,6,9,3,1]],[[7,2,10]]] || [[11],[4,8,12]]",
            "Num_Drone: ": 2,
            "Num_Tech: ": 2,
            "Run Time: ": 0.823,
            "Score List: ": "Level 0: 27.942148 | Level 1: -0.385358 | Level 2: 0.000000 | Level 3: 0.000000 | Level 4: 0.000000 | Post Optimization: 0.000000 | Level 2: 0.000000 | Level 1: 0.000000 | Level 0: -0.043335 | Post Optimization: 0.000000 | "
        }
    },
    "12.10.3 | Average: ": 17.058969385029197,
    "12.10.3 | Best: ": 17.058969385029197,
    "12.10.3 | STD: ": 0.0,
    "12.10.3.txt": {
        "12.10.3.txt.1": {
            "Best Score: ": 17.058969385029197,
            "Best Solution: ": "17.058969 == [[[10,9,4]],[[5,6,7]]] || [[12,3],[8,2,1,11]]",
            "Num_Drone: ": 2,
            "Num_Tech: ": 2,
            "Run Time: ": 0.706,
            "Score List: ": "Level 0: 21.854248 | Level 1: -0.219421 | Level 2: 0.000000 | Level 3: 0.000000 | Level 4: 0.000000 | Post Optimization: 0.000000 | Level 2: 0.000000 | Level 1: 0.000000 | Level 0: 0.000000 | Post Optimization: 0.000000 | "
        }
    },
    "12.10.4 | Average: ": 19.338704749714786,
    "12.10.4 | Best: ": 19.338704749714786,
    "12.10.4 | STD: ": 0.0,
    "12.10.4.txt": {
        "12.10.4.txt.1": {
            "Best Score: ": 19.338704749714786,
            "Best Solution: ": "19.338705 == [[[10,2,9,8]],[[4,5,3]]] || [[6],[12,11,1,7]]",
            "Num_Drone: ": 2,
            "Num_Tech: ": 2,
            "Run Time: ": 0.772,
            "Score List: ": "Level 0: 30.527448 | Level 1: -0.366514 | Level 2: 0.000000 | Level 3: 0.000000 | Level 4: 0.000000 | Post Optimization: 0.000000 | Level 2: 0.000000 | Level 1: 0.000000 | Level 0: 0.000000 | Post Optimization: 0.000000 | "
        }
    },
    "12.20.1 | Average: ": 40.979989757000524,
    "12.20.1 | Best: ": 40.979989757000524,
    "12.20.1 | STD: ": 0.0,
    "12.20.1.txt": {
        "12.20.1.txt.1": {
            "Best Score: ": 40.979989757000524,
            "Best Solution: ": "40.979990 == [[[8,12,10,6]],[[5,2,9]]] || [[3,4,11],[1,7]]",
            "Num_Drone: ": 2,
            "Num_Tech: ": 2,
            "Run Time: ": 0.723,
            "Score List: ": "Level 0: 47.326626 | Level 1: -0.134103 | Level 2: 0.000000 | Level 3: 0.000000 | Level 4: 0.000000 | Post Optimization: 0.000000 | Level 2: 0.000000 | Level 1: 0.000000 | Level 0: 0.000000 | Post Optimization: 0.000000 | "
        }
    },
    "12.20.2 | Average: ": 44.54863679757879,
    "12.20.2 | Best: ": 44.54863679757879,
    "12.20.2 | STD: ": 0.0,
    "12.20.2.txt": {
        "12.20.2.txt.1": {
            "Best Score: ": 44.54863679757879,
            "Best Solution: ": "44.548637 == [[[10,5,11,12,2]],[[3,8,7]]] || [[4,1,6],[9]]",
            "Num_Drone: ": 2,
            "Num_Tech: ": 2,
            "Run Time: ": 0.841,
            "Score List: ": "Level 0: 58.499387 | Level 1: -0.200046 | Level 2: -0.048041 | Level 3: 0.000000 | Level 4: 0.000000 | Post Optimization: 0.000000 | Level 2: 0.000000 | Level 1: 0.000000 | Level 0: 0.000000 | Post Optimization: 0.000000 | "
        }
    },
    "12.20.3 | Average: ": 33.30305004209853,
    "12.20.3 | Best: ": 33.30305004209853,
    "12.20.3 | STD: ": 0.0,
    "12.20.3.txt": {
        "12.20.3.txt.1": {
            "Best Score: ": 33.30305004209853,
            "Best Solution: ": "33.303050 == [[[5,8,9,11]],[[7,1,10]]] || [[4],[2,3,12,6]]",
            "Num_Drone: ": 2,
            "Num_Tech: ": 2,
            "Run Time: ": 0.728,
            "Score List: ": "Level 0: 53.983879 | Level 1: -0.383093 | Level 2: 0.000000 | Level 3: 0.000000 | Level 4: 0.000000 | Post Optimization: 0.000000 | Level 2: 0.000000 | Level 1: 0.000000 | Level 0: 0.000000 | Post Optimization: 0.000000 | "
        }
    },
    "12.20.4 | Average: ": 35.048189964766394,
    "12.20.4 | Best: ": 35.048189964766394,
    "12.20.4 | STD: ": 0.0,
    "12.20.4.txt": {
        "12.20.4.txt.1": {
            "Best Score: ": 35.048189964766394,
            "Best Solution: ": "35.048190 == [[[1,8,6,12,3,9]],[[11,7,5]]] || [[2,10],[4]]",
            "Num_Drone: ": 2,
            "Num_Tech: ": 2,
            "Run Time: ": 0.676,
            "Score List: ": "Level 0: 60.281158 | Level 1: -0.374328 | Level 2: 0.000000 | Level 3: 0.000000 | Level 4: 0.000000 | Post Optimization: 0.000000 | Level 2: 0.000000 | Level 1: 0.000000 | Level 0: -0.070740 | Post Optimization: 0.000000 | "
        }
    },
    "12.5.1 | Average: ": 8.855358860831581,
    "12.5.1 | Best: ": 8.855358860831581,
    "12.5.1 | STD: ": 0.0,
    "12.5.1.txt": {
        "12.5.1.txt.1": {
            "Best Score: ": 8.855358860831581,
            "Best Solution: ": "8.855359 == [[[10,4,12,6,7]],[[1,3,2,8]]] || [[11,9],[5]]",
            "Num_Drone: ": 2,
            "Num_Tech: ": 2,
            "Run Time: ": 0.695,
            "Score List: ": "Level 0: 16.027881 | Level 1: -0.447503 | Level 2: 0.000000 | Level 3: 0.000000 | Level 4: 0.000000 | Post Optimization: 0.000000 | Level 2: 0.000000 | Level 1: 0.000000 | Level 0: 0.000000 | Post Optimization: 0.000000 | "
        }
    },
    "12.5.2 | Average: ": 8.2718424142743,
    "12.5.2 | Best: ": 8.2718424142743,
    "12.5.2 | STD: ": 0.0,
    "12.5.2.txt": {
        "12.5.2.txt.1": {
            "Best Score: ": 8.2718424142743,
            "Best Solution: ": "8.271842 == [[[3,7,12,2,10,4]],[[11,6]]] || [[5,1,9],[8]]",
            "Num_Drone: ": 2,
            "Num_Tech: ": 2,
            "Run Time: ": 0.873,
            "Score List: ": "Level 0: 15.326329 | Level 1: -0.460285 | Level 2: 0.000000 | Level 3: 0.000000 | Level 4: 0.000000 | Post Optimization: 0.000000 | Level 2: 0.000000 | Level 1: 0.000000 | Level 0: 0.000000 | Post Optimization: 0.000000 | "
        }
    },
    "12.5.3 | Average: ": 9.319032745408649,
    "12.5.3 | Best: ": 9.319032745408649,
    "12.5.3 | STD: ": 0.0,
    "12.5.3.txt": {
        "12.5.3.txt.1": {
            "Best Score: ": 9.319032745408649,
            "Best Solution: ": "9.319033 == [[[10,12,8,5]],[[7,6,4,9,3]]] || [[2],[1,11]]",
            "Num_Drone: ": 2,
            "Num_Tech: ": 2,
            "Run Time: ": 0.739,
            "Score List: ": "Level 0: 16.270924 | Level 1: -0.427259 | Level 2: 0.000000 | Level 3: 0.000000 | Level 4: 0.000000 | Post Optimization: 0.000000 | Level 2: 0.000000 | Level 1: -0.000000 | Level 0: 0.000000 | Post Optimization: 0.000000 | "
        }
    },
    "12.5.4 | Average: ": 9.823817689070875,
    "12.5.4 | Best: ": 9.823817689070875,
    "12.5.4 | STD: ": 0.0,
    "12.5.4.txt": {
        "12.5.4.txt.1": {
            "Best Score: ": 9.823817689070875,
            "Best Solution: ": "9.823818 == [[[5,1,10,3]],[[9,8,6,4]]] || [[12,2,7],[11]]",
            "Num_Drone: ": 2,
            "Num_Tech: ": 2,
            "Run Time: ": 0.683,
            "Score List: ": "Level 0: 17.124044 | Level 1: -0.425095 | Level 2: -0.002122 | Level 3: 0.000000 | Level 4: 0.000000 | Post Optimization: 0.000000 | Level 2: 0.000000 | Level 1: 0.000000 | Level 0: 0.000000 | Post Optimization: 0.000000 | "
        }
    }
}
