{
    "150.20.4 | Average: ": 41.91794654393557,
    "150.20.4 | Best: ": 41.91794654393557,
    "150.20.4 | STD: ": 0.0,
    "150.20.4.txt": {
        "150.20.4.txt.1": {
            "Best Score: ": 41.91794654393557,
            "Best Solution: ": "41.917947 == [[[99,140,129,142,76,11,73,28,93,143,91,139,107,32,69,150,112]],[[126,57,78,48,75,44,5,138,39,135,54,53,64,109,40,59,148,124,111,89,85,72,136]],[[97,58,141,26,22,86,60,31,18,133,16,82,46,55,94,103,36,21]],[[104,23,96,56,1,20,92,131,77,35,13]],[[14,52,115,88,106,7,87,113,63,127,19,27,123,3,29,9,68,38,116]]] || [[128,74,34,42,120,137,50,51,70,83,8,122,49,101],[79,25,12,146,145,147,45,134,118,67,47,105,41,65,121],[6,125,119,62,130,30,149,61,24,80,4,114],[37,81,144,71,98,15,90,108,33,95],[110,10,43,132,102,117,17,2,66,84,100]]",
            "Num_Drone: ": 5,
            "Num_Tech: ": 5,
            "Run Time: ": 1194.393,
            "Score List: ": "Level 0: 76.538755 | Level 1: -0.204711 | Level 2: -0.156584 | Level 3: -0.024431 | Level 4: 0.010956 | Level 5: 0.034440 | Level 6: -0.051245 | Post Optimization: 0.000000 | Level 4: -0.084515 | Level 3: -0.022438 | Level 2: -0.016463 | Level 1: -0.028344 | Level 0: -0.013713 | Post Optimization: 0.000000 | "
        }
    }
}
