{
    "20.10.1 | Average: ": 21.289394693021144,
    "20.10.1 | Best: ": 20.72515472901198,
    "20.10.1.txt": {
        "20.10.1.txt.1": {
            "Best Score is: ": 21.216649829688393,
            "Best Solution is: ": "21.216650 == [[[4,9,5,2]],[[10,7,16,3]]] || [[20,6,8,14,1,11,19],[15,13,17,12,18]]",
            "Num_Drone: ": 2,
            "Num_Tech: ": 2,
            "Run Time is: ": 1.671
        },
        "20.10.1.txt.2": {
            "Best Score is: ": 21.771050519945522,
            "Best Solution is: ": "21.771051 == [[[20,6,1,8,14,16,3,11,19]],[[2,5,15,13,17,12,18,10]]] || [[9,4],[7]]",
            "Num_Drone: ": 2,
            "Num_Tech: ": 2,
            "Run Time is: ": 1.96
        },
        "20.10.1.txt.3": {
            "Best Score is: ": 20.72515472901198,
            "Best Solution is: ": "20.725155 == [[[10,7,16,19,11,20]],[[6,9,5]]] || [[2,15,13,17,12,18],[4,8,14,1,3]]",
            "Num_Drone: ": 2,
            "Num_Tech: ": 2,
            "Run Time is: ": 1.933
        },
        "20.10.1.txt.4": {
            "Best Score is: ": 21.54072794010726,
            "Best Solution is: ": "21.540728 == [[[18,12,17,13,15,5]],[[10,7,16,3,19]]] || [[4,6,1,8,14,11],[2,9,20]]",
            "Num_Drone: ": 2,
            "Num_Tech: ": 2,
            "Run Time is: ": 1.952
        },
        "20.10.1.txt.5": {
            "Best Score is: ": 21.193390446352566,
            "Best Solution is: ": "21.193390 == [[[7,16,3]],[[2,5,9,6,4,20]]] || [[10,19,1,14,8,11],[15,13,17,12,18]]",
            "Num_Drone: ": 2,
            "Num_Tech: ": 2,
            "Run Time is: ": 1.939
        }
    },
    "20.10.2 | Average: ": 20.766087804481373,
    "20.10.2 | Best: ": 20.088036471523598,
    "20.10.2.txt": {
        "20.10.2.txt.1": {
            "Best Score is: ": 22.159494811201203,
            "Best Solution is: ": "22.159495 == [[[8,2,20,16,4,7,18]],[[6,19,12,9,1,17]]] || [[14,15,5,11],[13,10,3]]",
            "Num_Drone: ": 2,
            "Num_Tech: ": 2,
            "Run Time is: ": 1.942
        },
        "20.10.2.txt.2": {
            "Best Score is: ": 20.088036471523598,
            "Best Solution is: ": "20.088036 == [[[8,2,12,9,17,1]],[[18,7,4,16,20,11]]] || [[15,19,6,5,14],[10,3,13]]",
            "Num_Drone: ": 2,
            "Num_Tech: ": 2,
            "Run Time is: ": 1.824
        },
        "20.10.2.txt.3": {
            "Best Score is: ": 21.406834796634865,
            "Best Solution is: ": "21.406835 == [[[19,6,10,3,13]],[[14,15,5,17,1,12,9]]] || [[4,7,18,2,8],[11,20,16]]",
            "Num_Drone: ": 2,
            "Num_Tech: ": 2,
            "Run Time is: ": 1.847
        },
        "20.10.2.txt.4": {
            "Best Score is: ": 20.0880364715236,
            "Best Solution is: ": "20.088036 == [[[14,1,17,9,12,19]],[[11,20,16,4,7,18]]] || [[6,15,5,2,8],[10,3,13]]",
            "Num_Drone: ": 2,
            "Num_Tech: ": 2,
            "Run Time is: ": 1.927
        },
        "20.10.2.txt.5": {
            "Best Score is: ": 20.088036471523598,
            "Best Solution is: ": "20.088036 == [[[19,12,9,17,1,14]],[[18,7,4,16,20,11]]] || [[15,6,5,2,8],[13,3,10]]",
            "Num_Drone: ": 2,
            "Num_Tech: ": 2,
            "Run Time is: ": 1.738
        }
    },
    "20.10.3 | Average: ": 21.284770873900793,
    "20.10.3 | Best: ": 21.107677085580328,
    "20.10.3.txt": {
        "20.10.3.txt.1": {
            "Best Score is: ": 21.238239119015212,
            "Best Solution is: ": "21.238239 == [[[15,1,13,11,9,19,7]],[[16,10,6,5,12,18,14]]] || [[20,8,4],[2,17,3]]",
            "Num_Drone: ": 2,
            "Num_Tech: ": 2,
            "Run Time is: ": 1.901
        },
        "20.10.3.txt.2": {
            "Best Score is: ": 21.359312721636144,
            "Best Solution is: ": "21.359313 == [[[4,16,10,2,17,3,6,5,12]],[[1,11,13,20,8,15]]] || [[7,19,9],[18,14]]",
            "Num_Drone: ": 2,
            "Num_Tech: ": 2,
            "Run Time is: ": 1.779
        },
        "20.10.3.txt.3": {
            "Best Score is: ": 21.359312721636144,
            "Best Solution is: ": "21.359313 == [[[19,7,9,11,15]],[[16,2,10,17,6,3,5,12,4]]] || [[18,14],[13,1,20,8]]",
            "Num_Drone: ": 2,
            "Num_Tech: ": 2,
            "Run Time is: ": 1.734
        },
        "20.10.3.txt.4": {
            "Best Score is: ": 21.107677085580328,
            "Best Solution is: ": "21.107677 == [[[4,12,18,14,5,3,10]],[[15,11,1,8,20,13]]] || [[9,19,7],[16,2,17,6]]",
            "Num_Drone: ": 2,
            "Num_Tech: ": 2,
            "Run Time is: ": 1.75
        },
        "20.10.3.txt.5": {
            "Best Score is: ": 21.359312721636144,
            "Best Solution is: ": "21.359313 == [[[1,13,11,9,19,7]],[[15,20,8,2,3,17,16]]] || [[14,18],[10,6,5,12,4]]",
            "Num_Drone: ": 2,
            "Num_Tech: ": 2,
            "Run Time is: ": 1.79
        }
    },
    "20.10.4 | Average: ": 22.20976011290583,
    "20.10.4 | Best: ": 21.789089720129898,
    "20.10.4.txt": {
        "20.10.4.txt.1": {
            "Best Score is: ": 21.789089720129898,
            "Best Solution is: ": "21.789090 == [[[9,3,20,8,14,2,6,7]],[[15,16,4,5,19,1,11,13]]] || [[12,17,18],[10]]",
            "Num_Drone: ": 2,
            "Num_Tech: ": 2,
            "Run Time is: ": 1.914
        },
        "20.10.4.txt.2": {
            "Best Score is: ": 22.660174444749142,
            "Best Solution is: ": "22.660174 == [[[13,14,2,8,20,3,9,6,7]],[[10,15,16,4,5,11,1]]] || [[12,18,17],[19]]",
            "Num_Drone: ": 2,
            "Num_Tech: ": 2,
            "Run Time is: ": 1.894
        },
        "20.10.4.txt.3": {
            "Best Score is: ": 22.660174444749142,
            "Best Solution is: ": "22.660174 == [[[11,1,5,4,10,15,16]],[[13,6,14,2,8,20,3,9,12]]] || [[19],[17,18,7]]",
            "Num_Drone: ": 2,
            "Num_Tech: ": 2,
            "Run Time is: ": 1.737
        },
        "20.10.4.txt.4": {
            "Best Score is: ": 21.789089720129898,
            "Best Solution is: ": "21.789090 == [[[15,16,4,5,19,1,11]],[[13,6,14,2,8,20,3,9]]] || [[7,12,17,18],[10]]",
            "Num_Drone: ": 2,
            "Num_Tech: ": 2,
            "Run Time is: ": 1.724
        },
        "20.10.4.txt.5": {
            "Best Score is: ": 22.150272234771066,
            "Best Solution is: ": "22.150272 == [[[13,6,9,3,20,8,2,14,7]],[[16,4,5,19,11,1]]] || [[15,10],[12,17,18]]",
            "Num_Drone: ": 2,
            "Num_Tech: ": 2,
            "Run Time is: ": 1.808
        }
    },
    "20.20.1 | Average: ": 39.403663205656336,
    "20.20.1 | Best: ": 39.40074398723549,
    "20.20.1.txt": {
        "20.20.1.txt.1": {
            "Best Score is: ": 39.40074398723549,
            "Best Solution is: ": "39.400744 == [[[19,3,4,11,6,16,7,9]],[[5,15,18,13,20,8,14,12]]] || [[10,17],[1,2]]",
            "Num_Drone: ": 2,
            "Num_Tech: ": 2,
            "Run Time is: ": 1.801
        },
        "20.20.1.txt.2": {
            "Best Score is: ": 39.40804203328761,
            "Best Solution is: ": "39.408042 == [[[19,3,4,11,6,16,7,9]],[[14,8,18,13,20,5]]] || [[10,17,1],[15,12,2]]",
            "Num_Drone: ": 2,
            "Num_Tech: ": 2,
            "Run Time is: ": 1.865
        },
        "20.20.1.txt.3": {
            "Best Score is: ": 39.40804203328761,
            "Best Solution is: ": "39.408042 == [[[19,3,4,11,6,16,7,9]],[[5,18,13,20,8,14]]] || [[10,17,1],[15,12,2]]",
            "Num_Drone: ": 2,
            "Num_Tech: ": 2,
            "Run Time is: ": 2.102
        },
        "20.20.1.txt.4": {
            "Best Score is: ": 39.40074398723549,
            "Best Solution is: ": "39.400744 == [[[19,3,4,11,6,16,7,9]],[[12,14,8,20,13,18,15,5]]] || [[10,17],[2,1]]",
            "Num_Drone: ": 2,
            "Num_Tech: ": 2,
            "Run Time is: ": 1.846
        },
        "20.20.1.txt.5": {
            "Best Score is: ": 39.40074398723549,