{
    "20.10.1 | Average: ": 16.843877085791412,
    "20.10.1 | Best: ": 16.843877085791412,
    "20.10.1 | STD: ": 0.0,
    "20.10.1.txt": {
        "20.10.1.txt.1": {
            "Best Score: ": 16.843877085791412,
            "Best Solution: ": "16.843877 == [[[2,5,9]],[[20,19,11,16,3,1,4]],[[7]]] || [[18,12,10],[14,8,6],[17,13,15]]",
            "Num_Drone: ": 3,
            "Num_Tech: ": 3,
            "Run Time: ": 0.627,
            "Score List: ": "Level 0: 30.286187 | Level 1: -0.443843 | Post Optimization: 0.000000 | Post Optimization: 0.000000 | "
        }
    }
}
