{
    "20.10.1 | Average: ": 16.65857877408714,
    "20.10.1 | Best: ": 16.39660779602483,
    "20.10.1 | STD: ": 0.34788787894797113,
    "20.10.1.txt": {
        "20.10.1.txt.1": {
            "Best Score: ": 16.47070940428089,
            "Best Solution: ": "16.470709 == [[[10,7,20]],[[1,8,14,3,16,11,19]],[[4,6,9]]] || [[17,12,18],[13,15],[2,5]]",
            "Num_Drone: ": 3,
            "Num_Tech: ": 3,
            "Run Time: ": 6.818,
            "Score List: ": "Level 0: 30.286187 | Level 1: -0.445519 | Level 2: 0.065189 | Level 3: -0.058362 | Post Optimization: 0.000000 | Level 2: 0.000000 | Level 1: -0.022155 | Level 0: 0.000000 | Post Optimization: 0.000000 | "
        },
        "20.10.1.txt.2": {
            "Best Score: ": 16.39660779602483,
            "Best Solution: ": "16.396608 == [[[11,19,16,3,1,14,8,4]],[[7,10,20]],[[6,9]]] || [[17,12,18],[5,2],[13,15]]",
            "Num_Drone: ": 3,
            "Num_Tech: ": 3,
            "Run Time: ": 7.005,
            "Score List: ": "Level 0: 30.286187 | Level 1: -0.433859 | Level 2: 0.064261 | Level 3: 0.072568 | Post Optimization: -0.125155 | Level 2: -0.038079 | Level 1: 0.000000 | Level 0: -0.004499 | Post Optimization: 0.000000 | "
        },
        "20.10.1.txt.3": {
            "Best Score: ": 16.39660779602483,
            "Best Solution: ": "16.396608 == [[[4,4,8,14,1,3,16,19,11]],[[7,20]],[[6,9]]] || [[5,2],[13,15],[17,12,18]]",
            "Num_Drone: ": 3,
            "Num_Tech: ": 3,
            "Run Time: ": 7.144,
            "Score List: ": "Level 0: 30.286187 | Level 1: -0.456164 | Level 2: 0.000000 | Level 3: 0.196380 | Post Optimization: -0.153081 | Level 2: -0.013064 | Level 1: 0.000000 | Level 0: -0.004499 | Post Optimization: 0.000000 | "
        },
        "20.10.1.txt.4": {
            "Best Score: ": 17.185091788313738,
            "Best Solution: ": "17.185092 == [[[9,5,2]],[[10,15,13,17,12,18]],[[20,7]]] || [[4,6,8,14,1],[3],[19,16,11]]",
            "Num_Drone: ": 3,
            "Num_Tech: ": 3,
            "Run Time: ": 6.711,
            "Score List: ": "Level 0: 30.286187 | Level 1: -0.432577 | Level 2: 0.024246 | Level 3: 0.050297 | Post Optimization: -0.047888 | Level 2: 0.000000 | Level 1: -0.023672 | Level 0: 0.000000 | Post Optimization: 0.000000 | "
        },
        "20.10.1.txt.5": {
            "Best Score: ": 16.84387708579141,
            "Best Solution: ": "16.843877 == [[[20,7]],[[19,11,16,3,1,8,14]],[[4,6,9]]] || [[15,13,17],[2,5],[18,12,10]]",
            "Num_Drone: ": 3,
            "Num_Tech: ": 3,
            "Run Time: ": 5.978,
            "Score List: ": "Level 0: 30.286187 | Level 1: -0.401919 | Level 2: -0.003159 | Level 3: 0.093232 | Post Optimization: -0.064641 | Level 2: -0.087736 | Level 1: 0.000000 | Level 0: -0.000000 | Post Optimization: 0.000000 | "
        }
    }
}
