{
    "20.10.1 | Average: ": 21.771050519945522,
    "20.10.1 | Best: ": 21.771050519945522,
    "20.10.1 | STD: ": 0.0,
    "20.10.1.txt": {
        "20.10.1.txt.1": {
            "Best Score: ": 21.771050519945522,
            "Best Solution: ": "21.771051 == [[[2,9,6,4,8,14,1]],[[5,15,13,17,12,18,20]]] || [[7],[10,11,3,16,19]]",
            "Num_Drone: ": 2,
            "Num_Tech: ": 2,
            "Run Time: ": 1.901,
            "Score List: ": "Level 0: 36.693669 | Level 1: -0.292254 | Level 2: -0.161678 | Level 3: 0.000000 | Post Optimization: 0.000000 | Level 1: 0.000000 | Level 0: 0.000000 | Post Optimization: 0.000000 | "
        }
    },
    "20.10.2 | Average: ": 21.406834796634865,
    "20.10.2 | Best: ": 21.406834796634865,
    "20.10.2 | STD: ": 0.0,
    "20.10.2.txt": {
        "20.10.2.txt.1": {
            "Best Score: ": 21.406834796634865,
            "Best Solution: ": "21.406835 == [[[14,5,15,6,10,3,13]],[[19,12,9,17,1]]] || [[4,7,18,2,8],[11,20,16]]",
            "Num_Drone: ": 2,
            "Num_Tech: ": 2,
            "Run Time: ": 1.886,
            "Score List: ": "Level 0: 29.141618 | Level 1: -0.203119 | Level 2: -0.044080 | Level 3: -0.035674 | Post Optimization: 0.000000 | Level 1: 0.000000 | Level 0: 0.000000 | Post Optimization: 0.000000 | "
        }
    },
    "20.10.3 | Average: ": 20.794064383916098,
    "20.10.3 | Best: ": 20.794064383916098,
    "20.10.3 | STD: ": 0.0,
    "20.10.3.txt": {
        "20.10.3.txt.1": {
            "Best Score: ": 20.794064383916098,
            "Best Solution: ": "20.794064 == [[[16,17,3,2,8,20]],[[10,6,5,18,14,12,4]]] || [[11,13,1,15],[7,19,9]]",
            "Num_Drone: ": 2,
            "Num_Tech: ": 2,
            "Run Time: ": 1.86,
            "Score List: ": "Level 0: 40.627910 | Level 1: -0.320908 | Level 2: -0.208260 | Level 3: 0.000000 | Post Optimization: 0.000000 | Level 1: -0.029180 | Level 0: -0.019461 | Post Optimization: 0.000000 | "
        }
    },
    "20.10.4 | Average: ": 22.660174444749142,
    "20.10.4 | Best: ": 22.660174444749142,
    "20.10.4 | STD: ": 0.0,
    "20.10.4.txt": {
        "20.10.4.txt.1": {
            "Best Score: ": 22.660174444749142,
            "Best Solution: ": "22.660174 == [[[7,6,14,2,8,20,3,9,12]],[[10,15,16,4,5,1,11]]] || [[19],[18,17,13]]",
            "Num_Drone: ": 2,
            "Num_Tech: ": 2,
            "Run Time: ": 1.841,
            "Score List: ": "Level 0: 43.180475 | Level 1: -0.382350 | Level 2: -0.021123 | Level 3: -0.132029 | Post Optimization: 0.000000 | Level 1: 0.000000 | Level 0: 0.000000 | Post Optimization: 0.000000 | "
        }
    },
    "20.20.1 | Average: ": 39.40074398723549,
    "20.20.1 | Best: ": 39.40074398723549,
    "20.20.1 | STD: ": 0.0,
    "20.20.1.txt": {
        "20.20.1.txt.1": {
            "Best Score: ": 39.40074398723549,
            "Best Solution: ": "39.400744 == [[[7,16,6,11,4,3,19]],[[12,15,14,8,13,20,18,5]]] || [[17,10],[9,1,2]]",
            "Num_Drone: ": 2,
            "Num_Tech: ": 2,
            "Run Time: ": 1.819,
            "Score List: ": "Level 0: 62.680708 | Level 1: -0.304653 | Level 2: -0.059703 | Level 3: 0.000000 | Post Optimization: 0.000000 | Level 1: 0.000000 | Level 0: -0.038600 | Post Optimization: 0.000000 | "
        }
    },
    "20.20.2 | Average: ": 36.90456454031641,
    "20.20.2 | Best: ": 36.90456454031641,
    "20.20.2 | STD: ": 0.0,
    "20.20.2.txt": {
        "20.20.2.txt.1": {
            "Best Score: ": 36.90456454031641,
            "Best Solution: ": "36.904565 == [[[8,17,20,12,14,7,11,3]],[[6,10,15,13]]] || [[16,1],[9,5,2,18,19,4]]",
            "Num_Drone: ": 2,
            "Num_Tech: ": 2,
            "Run Time: ": 1.825,
            "Score List: ": "Level 0: 59.719175 | Level 1: -0.234239 | Level 2: -0.094778 | Level 3: -0.101043 | Post Optimization: 0.000000 | Level 1: 0.000000 | Level 0: -0.008303 | Post Optimization: 0.000000 | "
        }
    },
    "20.20.3 | Average: ": 42.38956653363835,
    "20.20.3 | Best: ": 42.38956653363835,
    "20.20.3 | STD: ": 0.0,
    "20.20.3.txt": {
        "20.20.3.txt.1": {
            "Best Score: ": 42.38956653363835,
            "Best Solution: ": "42.389567 == [[[18,7,13,5,10,2,11]],[[4,19,6,14,15,1]]] || [[17,20,16],[8,3,9,12]]",
            "Num_Drone: ": 2,
            "Num_Tech: ": 2,
            "Run Time: ": 1.853,
            "Score List: ": "Level 0: 64.647955 | Level 1: -0.204673 | Level 2: -0.098617 | Level 3: -0.085362 | Post Optimization: 0.000000 | Level 1: 0.000000 | Level 0: 0.000000 | Post Optimization: 0.000000 | "
        }
    },
    "20.20.4 | Average: ": 40.16791961649451,
    "20.20.4 | Best: ": 40.16791961649451,
    "20.20.4 | STD: ": 0.0,
    "20.20.4.txt": {
        "20.20.4.txt.1": {
            "Best Score: ": 40.16791961649451,
            "Best Solution: ": "40.167920 == [[[8,5,7,15,6,3,9]],[[18,13,4,11,17,20]]] || [[10,19,16,12],[1,14,2]]",
            "Num_Drone: ": 2,
            "Num_Tech: ": 2,
            "Run Time: ": 1.844,
            "Score List: ": "Level 0: 55.473224 | Level 1: -0.226970 | Level 2: -0.043821 | Level 3: -0.020374 | Post Optimization: 0.000000 | Level 1: 0.000000 | Level 0: 0.000000 | Post Optimization: 0.000000 | "
        }
    },
    "20.5.1 | Average: ": 10.642973249424866,
    "20.5.1 | Best: ": 10.642973249424866,
    "20.5.1 | STD: ": 0.0,
    "20.5.1.txt": {
        "20.5.1.txt.1": {
            "Best Score: ": 10.642973249424866,
            "Best Solution: ": "10.642973 == [[[12,8,6,17,2,4]],[[11,18,1,10,9,14,13,20]]] || [[7,5,3],[19,15,16]]",
            "Num_Drone: ": 2,
            "Num_Tech: ": 2,
            "Run Time: ": 1.939,
            "Score List: ": "Level 0: 15.079937 | Level 1: -0.182590 | Level 2: -0.019841 | Level 3: -0.107576 | Post Optimization: 0.000000 | Level 1: -0.012911 | Level 0: 0.000000 | Post Optimization: 0.000000 | "
        }
    },
    "20.5.2 | Average: ": 11.06338008243306,
    "20.5.2 | Best: ": 11.06338008243306,
    "20.5.2 | STD: ": 0.0,
    "20.5.2.txt": {
        "20.5.2.txt.1": {
            "Best Score: ": 11.06338008243306,
            "Best Solution: ": "11.063380 == [[[19,10,18,14,3,16,15]],[[2,1,9,8,13,7,12]]] || [[17,4,5,11],[20,6]]",
            "Num_Drone: ": 2,
            "Num_Tech: ": 2,
            "Run Time: ": 1.804,
            "Score List: ": "Level 0: 19.267677 | Level 1: -0.316832 | Level 2: 0.040595 | Level 3: -0.185251 | Post Optimization: 0.000000 | Level 1: -0.008654 | Level 0: 0.000000 | Post Optimization: 0.000000 | "
        }
    },
    "20.5.3 | Average: ": 8.670173851642506,
    "20.5.3 | Best: ": 8.670173851642506,
    "20.5.3 | STD: ": 0.0,
    "20.5.3.txt": {
        "20.5.3.txt.1": {
            "Best Score: ": 8.670173851642506,
            "Best Solution: ": "8.670174 == [[[10,13,20,17,7]],[[3,8,9,5,15]]] || [[6,18,1,4,12,11,16],[2,14,19]]",
            "Num_Drone: ": 2,
            "Num_Tech: ": 2,
            "Run Time: ": 1.879,
            "Score List: ": "Level 0: 21.582577 | Level 1: -0.567914 | Level 2: -0.063672 | Level 3: 0.000000 | Post Optimization: 0.000000 | Level 1: -0.006572 | Level 0: -0.000484 | Post Optimization: 0.000000 | "
        }
    },
    "20.5.4 | Average: ": 9.33300386979188,
    "20.5.4 | Best: ": 9.33300386979188,
    "20.5.4 | STD: ": 0.0,
    "20.5.4.txt": {
        "20.5.4.txt.1": {
            "Best Score: ": 9.33300386979188,
            "Best Solution: ": "9.333004 == [[[1,20,5,13,18,10,17,8]],[[15,14,6,19,9,4]]] || [[11,16,7,2],[12,3]]",
            "Num_Drone: ": 2,
            "Num_Tech: ": 2,
            "Run Time: ": 1.868,
            "Score List: ": "Level 0: 13.987650 | Level 1: -0.240514 | Level 2: -0.078889 | Level 3: 0.000000 | Post Optimization: 0.000000 | Level 1: 0.000000 | Level 0: -0.026265 | Post Optimization: -0.020501 | "
        }
    }
}
