{
    "20.5.1 | Average: ": 10.6697011984316,
    "20.5.1 | Best: ": 10.6697011984316,
    "20.5.1 | STD: ": 0.0,
    "20.5.1.txt": {
        "20.5.1.txt.1": {
            "Best Score: ": 10.6697011984316,
            "Best Solution: ": "10.669701 == [[[16,15,19,3,5,7]],[[12,6,8,17,2,4]]] || [[11,18,10,1,9],[14,13,20]]",
            "Num_Drone: ": 2,
            "Num_Tech: ": 2,
            "Run Time: ": 2.159,
            "Score List: ": "Level 0: 15.079937 | Level 1: -0.262347 | Level 2: -0.016448 | Level 3: 0.000000 | Post Optimization: 0.000000 | Level 1: 0.000000 | Level 0: -0.024779 | Post Optimization: 0.000000 | "
        }
    }
}
