{
    "20.10.1 | Average: ": 16.793116077289202,
    "20.10.1 | Best: ": 16.793116077289202,
    "20.10.1 | STD: ": 0.0,
    "20.10.1.txt": {
        "20.10.1.txt.1": {
            "Best Score: ": 16.793116077289202,
            "Best Solution: ": "16.793116 == [[[19,16,3,11,14,1,20]],[[2,5,9]],[[7,10]]] || [[18,12,17],[4,8,6],[13,15]]",
            "Num_Drone: ": 3,
            "Num_Tech: ": 3,
            "Run Time: ": 2.181,
            "Score List: ": "Level 0: 30.286187 | Level 1: -0.443843 | Level 2: 0.000000 | Level 3: 0.000000 | Level 4: 0.000000 | Post Optimization: 0.000000 | Level 2: 0.000000 | Level 1: 0.000000 | Level 0: -0.003014 | Post Optimization: 0.000000 | "
        }
    },
    "20.10.2 | Average: ": 16.974261371895587,
    "20.10.2 | Best: ": 16.974261371895587,
    "20.10.2 | STD: ": 0.0,
    "20.10.2.txt": {
        "20.10.2.txt.1": {
            "Best Score: ": 16.974261371895587,
            "Best Solution: ": "16.974261 == [[[11,16,20]],[[14,8,4,7,18,2]],[[1,9,12,17,5]]] || [[3,13],[10],[15,19,6]]",
            "Num_Drone: ": 3,
            "Num_Tech: ": 3,
            "Run Time: ": 3.034,
            "Score List: ": "Level 0: 26.957517 | Level 1: -0.370333 | Level 2: 0.000000 | Level 3: 0.000000 | Level 4: 0.000000 | Post Optimization: 0.000000 | Level 2: 0.000000 | Level 1: 0.000000 | Level 0: 0.000000 | Post Optimization: 0.000000 | "
        }
    },
    "20.10.3 | Average: ": 17.569628900359803,
    "20.10.3 | Best: ": 17.569628900359803,
    "20.10.3 | STD: ": 0.0,
    "20.10.3.txt": {
        "20.10.3.txt.1": {
            "Best Score: ": 17.569628900359803,
            "Best Solution: ": "17.569629 == [[[16,17,3,2,10,6]],[[12,5,18,14]],[[11,9]]] || [[13,15,1],[20,8],[4,7,19]]",
            "Num_Drone: ": 3,
            "Num_Tech: ": 3,
            "Run Time: ": 2.203,
            "Score List: ": "Level 0: 27.990166 | Level 1: -0.372293 | Level 2: 0.000000 | Level 3: 0.000000 | Level 4: 0.000000 | Post Optimization: 0.000000 | Level 2: 0.000000 | Level 1: 0.000000 | Level 0: 0.000000 | Post Optimization: 0.000000 | "
        }
    },
    "20.10.4 | Average: ": 19.531480119595663,
    "20.10.4 | Best: ": 19.531480119595663,
    "20.10.4 | STD: ": 0.0,
    "20.10.4.txt": {
        "20.10.4.txt.1": {
            "Best Score: ": 19.531480119595663,
            "Best Solution: ": "19.531480 == [[[7,9,3,20,8]],[[6,11,5,19,1]],[[16,10,15,4,13]]] || [[17],[12,14,2],[18]]",
            "Num_Drone: ": 3,
            "Num_Tech: ": 3,
            "Run Time: ": 2.139,
            "Score List: ": "Level 0: 27.253850 | Level 1: -0.282449 | Level 2: -0.001255 | Level 3: 0.000000 | Level 4: 0.000000 | Post Optimization: 0.000000 | Level 2: 0.000000 | Level 1: 0.000000 | Level 0: 0.000000 | Post Optimization: 0.000000 | "
        }
    },
    "20.20.1 | Average: ": 35.05171974388272,
    "20.20.1 | Best: ": 35.05171974388272,
    "20.20.1 | STD: ": 0.0,
    "20.20.1.txt": {
        "20.20.1.txt.1": {
            "Best Score: ": 35.05171974388272,
            "Best Solution: ": "35.051720 == [[[10,17,1,7,9]],[[4,11,6]],[[15,14,8,20,13,18,5]]] || [[12,2],[16],[19,3]]",
            "Num_Drone: ": 3,
            "Num_Tech: ": 3,
            "Run Time: ": 2.054,
            "Score List: ": "Level 0: 62.680708 | Level 1: -0.440681 | Level 2: -0.000006 | Level 3: 0.000000 | Level 4: 0.000000 | Post Optimization: 0.000000 | Level 2: -0.000000 | Level 1: 0.000000 | Level 0: -0.000188 | Post Optimization: 0.000000 | "
        }
    },
    "20.20.2 | Average: ": 30.979716231048165,
    "20.20.2 | Best: ": 30.979716231048165,
    "20.20.2 | STD: ": 0.0,
    "20.20.2.txt": {
        "20.20.2.txt.1": {
            "Best Score: ": 30.979716231048165,
            "Best Solution: ": "30.979716 == [[[2,11,3]],[[6,10]],[[19,1,16,18,5,4]]] || [[13,15],[9,17,12,20,8],[14,7]]",
            "Num_Drone: ": 3,
            "Num_Tech: ": 3,
            "Run Time: ": 2.021,
            "Score List: ": "Level 0: 59.719175 | Level 1: -0.481243 | Level 2: 0.000000 | Level 3: 0.000000 | Level 4: 0.000000 | Post Optimization: 0.000000 | Level 2: 0.000000 | Level 1: 0.000000 | Level 0: 0.000000 | Post Optimization: 0.000000 | "
        }
    },
    "20.20.3 | Average: ": 36.257718446855975,
    "20.20.3 | Best: ": 36.257718446855975,
    "20.20.3 | STD: ": 0.0,
    "20.20.3.txt": {
        "20.20.3.txt.1": {
            "Best Score: ": 36.257718446855975,
            "Best Solution: ": "36.257718 == [[[8,3,9,12,1]],[[4,14,15]],[[2,10,13,5]]] || [[18,19,6],[16,20],[7,11,17]]",
            "Num_Drone: ": 3,
            "Num_Tech: ": 3,
            "Run Time: ": 2.039,
            "Score List: ": "Level 0: 65.720151 | Level 1: -0.448301 | Level 2: 0.000000 | Level 3: 0.000000 | Level 4: 0.000000 | Post Optimization: 0.000000 | Level 2: 0.000000 | Level 1: 0.000000 | Level 0: 0.000000 | Post Optimization: 0.000000 | "
        }
    },
    "20.20.4 | Average: ": 34.326700373651654,
    "20.20.4 | Best: ": 34.326700373651654,
    "20.20.4 | STD: ": 0.0,
    "20.20.4.txt": {
        "20.20.4.txt.1": {
            "Best Score: ": 34.326700373651654,
            "Best Solution: ": "34.326700 == [[[7,5,15,6,9,3]],[[20,17,4,13,18]],[[16,12,19,10]]] || [[8],[11,1],[2,14]]",
            "Num_Drone: ": 3,
            "Num_Tech: ": 3,
            "Run Time: ": 2.072,
            "Score List: ": "Level 0: 59.181803 | Level 1: -0.406927 | Level 2: 0.000000 | Level 3: -0.022007 | Level 4: 0.000000 | Post Optimization: 0.000000 | Level 2: 0.000000 | Level 1: 0.000000 | Level 0: 0.000000 | Post Optimization: 0.000000 | "
        }
    },
    "20.5.1 | Average: ": 8.824869207648213,
    "20.5.1 | Best: ": 8.824869207648213,
    "20.5.1 | STD: ": 0.0,
    "20.5.1.txt": {
        "20.5.1.txt.1": {
            "Best Score: ": 8.824869207648213,
            "Best Solution: ": "8.824869 == [[[20,13,6,8,14]],[[12,11,18,10,1,9]],[[17,2,4]]] || [[7,5],[16,19,15],[3]]",
            "Num_Drone: ": 3,
            "Num_Tech: ": 3,
            "Run Time: ": 2.059,
            "Score List: ": "Level 0: 13.078366 | Level 1: -0.325232 | Level 2: 0.000000 | Level 3: 0.000000 | Level 4: 0.000000 | Post Optimization: 0.000000 | Level 2: 0.000000 | Level 1: 0.000000 | Level 0: 0.000000 | Post Optimization: 0.000000 | "
        }
    },
    "20.5.2 | Average: ": 8.382880366026889,
    "20.5.2 | Best: ": 8.382880366026889,
    "20.5.2 | STD: ": 0.0,
    "20.5.2.txt": {
        "20.5.2.txt.1": {
            "Best Score: ": 8.382880366026889,
            "Best Solution: ": "8.382880 == [[[17,6,20,4,5]],[[1,2,8,9]],[[15,16,3,18,14]]] || [[10],[19,11],[13,12,7]]",
            "Num_Drone: ": 3,
            "Num_Tech: ": 3,
            "Run Time: ": 2.043,
            "Score List: ": "Level 0: 13.116318 | Level 1: -0.360882 | Level 2: 0.000000 | Level 3: 0.000000 | Level 4: 0.000000 | Post Optimization: 0.000000 | Level 2: 0.000000 | Level 1: 0.000000 | Level 0: 0.000000 | Post Optimization: 0.000000 | "
        }
    },
    "20.5.3 | Average: ": 8.54117806455509,
    "20.5.3 | Best: ": 8.54117806455509,
    "20.5.3 | STD: ": 0.0,
    "20.5.3.txt": {
        "20.5.3.txt.1": {
            "Best Score: ": 8.54117806455509,
            "Best Solution: ": "8.541178 == [[[5,9,8,3]],[[2,7,14,17,19]],[[6,10,13,20]]] || [[16,1,4],[11,12,18],[15]]",
            "Num_Drone: ": 3,
            "Num_Tech: ": 3,
            "Run Time: ": 2.016,
            "Score List: ": "Level 0: 19.279238 | Level 1: -0.556499 | Level 2: -0.001074 | Level 3: 0.000000 | Level 4: 0.000000 | Post Optimization: 0.000000 | Level 2: 0.000000 | Level 1: 0.000000 | Level 0: 0.000000 | Post Optimization: 0.000000 | "
        }
    },
    "20.5.4 | Average: ": 8.038295822483212,
    "20.5.4 | Best: ": 8.038295822483212,
    "20.5.4 | STD: ": 0.0,
    "20.5.4.txt": {
        "20.5.4.txt.1": {
            "Best Score: ": 8.038295822483212,