{
    "20.10.1 | Average: ": 16.843877085791412,
    "20.10.1 | Best: ": 16.843877085791412,
    "20.10.1 | STD: ": 0.0,
    "20.10.1.txt": {
        "20.10.1.txt.1": {
            "Best Score: ": 16.843877085791412,
            "Best Solution: ": "16.843877 == [[[9,6,4]],[[7,10]],[[19,11,16,3,1,8,14]]] || [[20,18,12],[17,13,15],[2,5]]",
            "Num_Drone: ": 3,
            "Num_Tech: ": 3,
            "Run Time: ": 2.12,
            "Score List: ": "Level 0: 30.286187 | Level 1: -0.443843 | Level 2: 0.000000 | Level 3: 0.153633 | Level 4: -0.067830 | Post Optimization: 0.000000 | Level 2: -0.070098 | Level 1: 0.000000 | Level 0: 0.000000 | Post Optimization: 0.000000 | "
        }
    },
    "20.10.2 | Average: ": 17.36863692813055,
    "20.10.2 | Best: ": 17.36863692813055,
    "20.10.2 | STD: ": 0.0,
    "20.10.2.txt": {
        "20.10.2.txt.1": {
            "Best Score: ": 17.36863692813055,
            "Best Solution: ": "17.368637 == [[[13,10,3]],[[1,17,9,12,15]],[[18,7,4,2,8,14]]] || [[20,16],[6,19,5],[11]]",
            "Num_Drone: ": 3,
            "Num_Tech: ": 3,
            "Run Time: ": 2.067,
            "Score List: ": "Level 0: 26.957517 | Level 1: -0.363481 | Level 2: 0.106200 | Level 3: -0.084103 | Level 4: 0.000000 | Post Optimization: 0.000000 | Level 2: 0.000000 | Level 1: 0.000000 | Level 0: -0.000935 | Post Optimization: 0.000000 | "
        }
    },
    "20.10.3 | Average: ": 17.569628900359803,
    "20.10.3 | Best: ": 17.569628900359803,
    "20.10.3 | STD: ": 0.0,
    "20.10.3.txt": {
        "20.10.3.txt.1": {
            "Best Score: ": 17.569628900359803,
            "Best Solution: ": "17.569629 == [[[16,17,3,2,10,6]],[[12,5,18,14]],[[11,9]]] || [[13,15,1],[20,8],[4,19,7]]",
            "Num_Drone: ": 3,
            "Num_Tech: ": 3,
            "Run Time: ": 2.051,
            "Score List: ": "Level 0: 27.990166 | Level 1: -0.372293 | Level 2: 0.026403 | Level 3: 0.000000 | Level 4: 0.000000 | Post Optimization: 0.000000 | Level 2: 0.000000 | Level 1: -0.025724 | Level 0: 0.000000 | Post Optimization: 0.000000 | "
        }
    },
    "20.10.4 | Average: ": 19.531480119595663,
    "20.10.4 | Best: ": 19.531480119595663,
    "20.10.4 | STD: ": 0.0,
    "20.10.4.txt": {
        "20.10.4.txt.1": {
            "Best Score: ": 19.531480119595663,
            "Best Solution: ": "19.531480 == [[[16,4,15,10]],[[13,11,1,19,5,6,7]],[[9,3,20,8]]] || [[18],[12,14,2],[17]]",
            "Num_Drone: ": 3,
            "Num_Tech: ": 3,
            "Run Time: ": 2.069,
            "Score List: ": "Level 0: 27.253850 | Level 1: -0.281225 | Level 2: 0.000000 | Level 3: 0.012397 | Level 4: -0.012245 | Post Optimization: 0.000000 | Level 2: 0.000000 | Level 1: 0.000000 | Level 0: -0.002956 | Post Optimization: 0.000000 | "
        }
    },
    "20.20.1 | Average: ": 35.05171974388272,
    "20.20.1 | Best: ": 35.05171974388272,
    "20.20.1 | STD: ": 0.0,
    "20.20.1.txt": {
        "20.20.1.txt.1": {
            "Best Score: ": 35.05171974388272,
            "Best Solution: ": "35.051720 == [[[10,17,1,7,9]],[[6,11,4]],[[15,14,8,20,13,18,5]]] || [[12,2],[16],[3,19]]",
            "Num_Drone: ": 3,
            "Num_Tech: ": 3,
            "Run Time: ": 2.04,
            "Score List: ": "Level 0: 62.680708 | Level 1: -0.440681 | Level 2: -0.000006 | Level 3: 0.000000 | Level 4: 0.000000 | Post Optimization: 0.000000 | Level 2: -0.000000 | Level 1: 0.000000 | Level 0: -0.000188 | Post Optimization: 0.000000 | "
        }
    },
    "20.20.2 | Average: ": 30.979716231048165,
    "20.20.2 | Best: ": 30.979716231048165,
    "20.20.2 | STD: ": 0.0,
    "20.20.2.txt": {
        "20.20.2.txt.1": {
            "Best Score: ": 30.979716231048165,
            "Best Solution: ": "30.979716 == [[[4,19,11,3]],[[6,10]],[[1,16,18,5,2]]] || [[13,15],[9,17,12,20,8],[7,14]]",
            "Num_Drone: ": 3,
            "Num_Tech: ": 3,
            "Run Time: ": 2.027,
            "Score List: ": "Level 0: 59.719175 | Level 1: -0.481243 | Level 2: 0.000000 | Level 3: 0.000000 | Level 4: 0.000000 | Post Optimization: 0.000000 | Level 2: 0.000000 | Level 1: 0.000000 | Level 0: 0.000000 | Post Optimization: 0.000000 | "
        }
    },
    "20.20.3 | Average: ": 36.257718446855975,
    "20.20.3 | Best: ": 36.257718446855975,
    "20.20.3 | STD: ": 0.0,
    "20.20.3.txt": {
        "20.20.3.txt.1": {
            "Best Score: ": 36.257718446855975,
            "Best Solution: ": "36.257718 == [[[9,12,3,8,1]],[[4,14,15]],[[2,10,13,5]]] || [[19,6,18],[16,20],[7,11,17]]",
            "Num_Drone: ": 3,
            "Num_Tech: ": 3,
            "Run Time: ": 2.042,
            "Score List: ": "Level 0: 65.720151 | Level 1: -0.448301 | Level 2: 0.000000 | Level 3: 0.080860 | Level 4: 0.000000 | Post Optimization: 0.000000 | Level 2: -0.074811 | Level 1: 0.000000 | Level 0: 0.000000 | Post Optimization: 0.000000 | "
        }
    },
    "20.20.4 | Average: ": 34.326700373651654,
    "20.20.4 | Best: ": 34.326700373651654,
    "20.20.4 | STD: ": 0.0,
    "20.20.4.txt": {
        "20.20.4.txt.1": {
            "Best Score: ": 34.326700373651654,
            "Best Solution: ": "34.326700 == [[[6,19,16,12]],[[10,9,3,15,5,7]],[[17,20,4,13,18]]] || [[8],[1,11],[2,14]]",
            "Num_Drone: ": 3,
            "Num_Tech: ": 3,
            "Run Time: ": 2.038,
            "Score List: ": "Level 0: 59.181803 | Level 1: -0.406927 | Level 2: -0.001697 | Level 3: 0.131358 | Level 4: 0.000000 | Post Optimization: 0.000000 | Level 2: -0.124208 | Level 1: 0.000000 | Level 0: -0.011282 | Post Optimization: 0.000000 | "
        }
    },
    "20.5.1 | Average: ": 8.775793712785394,
    "20.5.1 | Best: ": 8.775793712785394,
    "20.5.1 | STD: ": 0.0,
    "20.5.1.txt": {
        "20.5.1.txt.1": {
            "Best Score: ": 8.775793712785394,
            "Best Solution: ": "8.775794 == [[[11,18,9,1,10,12]],[[20,13,6,8,14]],[[16,3,5,7]]] || [[4,17],[19,15],[2]]",
            "Num_Drone: ": 3,
            "Num_Tech: ": 3,
            "Run Time: ": 2.031,
            "Score List: ": "Level 0: 13.078366 | Level 1: -0.325232 | Level 2: 0.005340 | Level 3: 0.071196 | Level 4: 0.000000 | Post Optimization: 0.000000 | Level 2: -0.066464 | Level 1: -0.010843 | Level 0: 0.000000 | Post Optimization: 0.000000 | "
        }
    },
    "20.5.2 | Average: ": 8.382880366026889,
    "20.5.2 | Best: ": 8.382880366026889,
    "20.5.2 | STD: ": 0.0,
    "20.5.2.txt": {
        "20.5.2.txt.1": {
            "Best Score: ": 8.382880366026889,
            "Best Solution: ": "8.382880 == [[[17,6,20,4,5]],[[8,9,12,7,13]],[[15,16,3,18,14]]] || [[10],[19,11],[1,2]]",
            "Num_Drone: ": 3,
            "Num_Tech: ": 3,
            "Run Time: ": 2.043,
            "Score List: ": "Level 0: 13.116318 | Level 1: -0.360882 | Level 2: 0.000000 | Level 3: 0.189796 | Level 4: -0.159520 | Post Optimization: 0.000000 | Level 2: 0.000000 | Level 1: 0.000000 | Level 0: 0.000000 | Post Optimization: 0.000000 | "
        }
    },
    "20.5.3 | Average: ": 7.9895386359642675,
    "20.5.3 | Best: ": 7.9895386359642675,
    "20.5.3 | STD: ": 0.0,
    "20.5.3.txt": {
        "20.5.3.txt.1": {
            "Best Score: ": 7.9895386359642675,
            "Best Solution: ": "7.989539 == [[[20,13,10,16]],[[5,8,3]],[[15,9]]] || [[2,19],[17,7,14],[18,6,11,12,4,1]]",
            "Num_Drone: ": 3,
            "Num_Tech: ": 3,
            "Run Time: ": 2.022,
            "Score List: ": "Level 0: 19.279238 | Level 1: -0.556499 | Level 2: -0.001074 | Level 3: 0.000000 | Level 4: 0.000000 | Post Optimization: 0.000000 | Level 2: -0.010587 | Level 1: -0.037314 | Level 0: -0.017932 | Post Optimization: 0.000000 | "
        }
    },
    "20.5.4 | Average: ": 8.03829582248321,
    "20.5.4 | Best: ": 8.03829582248321,
    "20.5.4 | STD: ": 0.0,
    "20.5.4.txt": {
        "20.5.4.txt.1": {
            "Best Score: ": 8.03829582248321,