{
    "20.10.1 | Average: ": 16.793116077289202,
    "20.10.1 | Best: ": 16.793116077289202,
    "20.10.1 | STD: ": 0.0,
    "20.10.1.txt": {
        "20.10.1.txt.1": {
            "Best Score: ": 16.793116077289202,
            "Best Solution: ": "16.793116 == [[[19,16,3,14,1,11,20]],[[2,5,9]],[[10,7,18]]] || [[17,12],[4,6,8],[13,15]]",
            "Num_Drone: ": 3,
            "Num_Tech: ": 3,
            "Run Time: ": 1.764,
            "Score List: ": "Level 0: 30.286187 | Level 1: -0.443843 | Level 2: 0.000000 | Level 3: 0.153633 | Level 4: -0.067830 | Post Optimization: 0.000000 | Level 2: 0.000000 | Level 1: -0.036042 | Level 0: -0.038236 | Post Optimization: 0.000000 | "
        }
    }
}
