{
    "50.10.1.1": {
        "Best Score is: ": 25.120513581766346,
        "Best Solution is: ": "25.120514 == [[[23,44,29,26,36,37,30,10]],[[15,11,18,7,34,2]],[[22,41,9,47,4,27,13,25,49,17,19,48,1]]] || [[32,46,38,43,33,6,20,16],[8,3,50,42,24,14,21,35,28,12],[31,5,45,39,40]]",
        "Num_Drone: ": 3,
        "Num_Tech: ": 3,
        "Run Time is: ": 20.946
    },
    "50.10.1.2": {
        "Best Score is: ": 23.726283317650733,
        "Best Solution is: ": "23.726283 == [[[10,30,3,50,14,21,15,28,35,24,42,8]],[[41,48,9,19,17,49,25,13,47,27,4]],[[31,5,32,23,38,46,43,2,33,7,6,20,16]]] || [[22,12,11,18,34],[26,37],[40,44,39,36,45,29,1]]",
        "Num_Drone: ": 3,
        "Num_Tech: ": 3,
        "Run Time is: ": 21.112
    },
    "50.10.1.3": {
        "Best Score is: ": 25.26440728534048,
        "Best Solution is: ": "25.264407 == [[[30,21,15,42,14,3,50,24,47,4,9]],[[34,7,38,46,44,36,26,45,29]],[[18,33,20,6,12,11,35,28,22]]] || [[40,23,39,37],[1,48,19,17,49,25,13,27],[5,31,32,43,2,16,10,8,41]]",
        "Num_Drone: ": 3,
        "Num_Tech: ": 3,
        "Run Time is: ": 21.232
    },
    "50.10.1.4": {
        "Best Score is: ": 23.35508552512185,
        "Best Solution is: ": "23.355086 == [[[29,37,26,39,36,45,1,41,8,30]],[[21,15,35,28,12,11,18,6,20,16]],[[22,50,42,24,14,47,3,13,27,4,9]]] || [[48,19,17,49,25],[40,5,31,32,23,44,38,46,43,34],[33,7,2,10]]",
        "Num_Drone: ": 3,
        "Num_Tech: ": 3,
        "Run Time is: ": 21.291
    },
    "50.10.1.5": {
        "Best Score is: ": 24.578648467231318,
        "Best Solution is: ": "24.578648 == [[[1,12,15]],[[10,22,50,24,14,21,35,28,11,18,6,33,7]],[[8,30,3,42,47,13,49,19,17,31,5]]] || [[4,27,25,9,48,41],[40,32,23,44,46,38,43,2,34,20,16],[29,45,36,26,37,39]]",
        "Num_Drone: ": 3,
        "Num_Tech: ": 3,
        "Run Time is: ": 21.348
    }
}
