{
    "50.30.1 | Average: ": 69.28302962749495,
    "50.30.1 | Best: ": 67.08074423860076,
    "50.30.1 | STD: ": 2.1556676269495876,
    "50.30.1.txt": {
        "50.30.1.txt.1": {
            "Best Score: ": 67.77205972316871,
            "Best Solution: ": "67.772060 == [[[1,18,40,49,16,37,3,47,25,4,6,20]],[[29,15,45,38,30,21,43,36,27,14]],[[34,42,46,32,17,39,5,8,33,2,23,26]]] || [[22,9,12],[10,35,44,50,48,11,31,7],[41,13,28,24,19]]",
            "Num_Drone: ": 3,
            "Num_Tech: ": 3,
            "Run Time: ": 22.679,
            "Score List: ": "Level 0: 83.746094 | Level 1: -0.167315 | Level 2: 0.069464 | Level 3: -0.071605 | Post Optimization: 0.000000 | Level 2: -0.002239 | Level 1: 0.000000 | Level 0: -0.018976 | Post Optimization: -0.000000 | "
        },
        "50.30.1.txt.10": {
            "Best Score: ": 69.2413279909435,
            "Best Solution: ": "69.241328 == [[[50,30,45,38,15,21,43,27,36,14,7]],[[3,47,37,25,4,18,40,49,16,1,6,26]],[[32,46,42,17,8,5,39,34,33,2,23]]] || [[41,24,13,20,10],[11,31,29,44,35,48],[22,12,9,28,19]]",
            "Num_Drone: ": 3,
            "Num_Tech: ": 3,
            "Run Time: ": 21.478,
            "Score List: ": "Level 0: 83.746094 | Level 1: -0.017843 | Level 2: -0.080927 | Level 3: 0.028134 | Post Optimization: -0.074955 | Level 2: -0.036931 | Level 1: 0.000000 | Level 0: 0.000000 | Post Optimization: -0.000000 | "
        },
        "50.30.1.txt.11": {
            "Best Score: ": 72.2538804838128,
            "Best Solution: ": "72.253880 == [[[34,8,5,39,17,12,9,28,24,23]],[[4,25,35,48,44,50,38,30,45,21,15,31,11]],[[42,46,32,27,36,43,29,14,7]]] || [[2,33,19,22,13,41,26],[49,16],[10,6,20,1,40,18,37,3,47]]",
            "Num_Drone: ": 3,
            "Num_Tech: ": 3,
            "Run Time: ": 21.126,
            "Score List: ": "Level 0: 83.746094 | Level 1: -0.089884 | Level 2: 0.067393 | Level 3: -0.092347 | Post Optimization: 0.000000 | Level 2: -0.015700 | Level 1: -0.005905 | Level 0: 0.000000 | Post Optimization: 0.000000 | "
        },
        "50.30.1.txt.12": {
            "Best Score: ": 67.08074423860076,
            "Best Solution: ": "67.080744 == [[[1,40,18,49,16,47,37,3,44,50]],[[30,45,38,21,15,29,43,27,36]],[[32,32,42,46,42,46,39,8,5,17,34,34]]] || [[24,13,10,7],[20,6,4,25,35,48,11,31],[41,19,22,23,33,2,26]]",
            "Num_Drone: ": 3,
            "Num_Tech: ": 3,
            "Run Time: ": 20.476,
            "Score List: ": "Level 0: 83.746094 | Level 1: -0.084941 | Level 2: -0.091416 | Level 3: 0.116263 | Post Optimization: -0.095785 | Level 2: -0.023709 | Level 1: -0.022308 | Level 0: 0.000000 | Post Optimization: 0.000000 | "
        },
        "50.30.1.txt.13": {
            "Best Score: ": 69.94274624466604,
            "Best Solution: ": "69.942746 == [[[24,13,49,16,37,3,47]],[[45,38,30,21,15,29,43,27,36,14]],[[32,42,46,17,39,5,8,33,2,34,23]]] || [[19,28,9,12,22],[10,6,1,40,18,25,4,20,41],[31,11,44,50,35,48,26,7]]",
            "Num_Drone: ": 3,
            "Num_Tech: ": 3,
            "Run Time: ": 20.86,
            "Score List: ": "Level 0: 83.746094 | Level 1: -0.065557 | Level 2: -0.013463 | Level 3: 0.069121 | Post Optimization: -0.117774 | Level 2: 0.000000 | Level 1: -0.024859 | Level 0: -0.014996 | Post Optimization: 0.000000 | "
        },
        "50.30.1.txt.14": {
            "Best Score: ": 69.23798851591724,
            "Best Solution: ": "69.237989 == [[[25,3,47,37,16,49,18,4,40,1,20,6,10,7]],[[29,21,38,45,30,15,43,27,36,14]],[[32,42,46,17,39,8,5,34,2]]] || [[12,9,28],[23,33,19,22,24,13,41],[35,48,44,50,11,31,26]]",
            "Num_Drone: ": 3,
            "Num_Tech: ": 3,
            "Run Time: ": 22.016,
            "Score List: ": "Level 0: 83.746094 | Level 1: -0.122908 | Level 2: -0.005993 | Level 3: 0.010636 | Post Optimization: -0.017640 | Level 2: -0.038945 | Level 1: -0.006125 | Level 0: 0.000000 | Post Optimization: -0.000000 | "
        },
        "50.30.1.txt.15": {
            "Best Score: ": 67.77205972316871,
            "Best Solution: ": "67.772060 == [[[11,31,29,43,21,15,38,45,30,44,50,48]],[[6,20,1,49,16,37,3,25,47,35]],[[36,27,32,42,46,17,14,7,7]]] || [[22,9,12],[19,24,28,13,41,26],[2,33,23,5,8,39,34]]",
            "Num_Drone: ": 3,
            "Num_Tech: ": 3,
            "Run Time: ": 20.602,
            "Score List: ": "Level 0: 83.746094 | Level 1: -0.065557 | Level 2: 0.000000 | Level 3: -0.070608 | Post Optimization: -0.030837 | Level 2: -0.000000 | Level 1: -0.017730 | Level 0: -0.016381 | Post Optimization: -0.004871 | "
        },
        "50.30.1.txt.2": {
            "Best Score: ": 67.77205972316871,
            "Best Solution: ": "67.772060 == [[[6,4,25,3,47,37,16,49,18,40,1,20,10]],[[29,45,30,38,15,21,43,27,36,14,7]],[[34,46,32,42,17,8,39,5,33,2,23,26]]] || [[19,24,28,13,41],[48,35,44,50,11,31],[12,9,22]]",
            "Num_Drone: ": 3,
            "Num_Tech: ": 3,
            "Run Time: ": 22.689,
            "Score List: ": "Level 0: 83.746094 | Level 1: -0.022676 | Level 2: -0.120915 | Level 3: 0.097033 | Post Optimization: -0.084048 | Level 2: -0.022362 | Level 1: -0.004549 | Level 0: -0.036466 | Post Optimization: -0.000324 | "
        },
        "50.30.1.txt.3": {
            "Best Score: ": 75.2063099551521,
            "Best Solution: ": "75.206310 == [[[3,37,47,35,48,50,44,38,30,21,7]],[[43,29,15,45,31,11,14,27,36]],[[46,42,32,17,39,5,8,34,33,2,22,19,23]]] || [[24,28,9,12,41],[10,1,20,6,13,26],[40,18,49,16,25,4]]",
            "Num_Drone: ": 3,
            "Num_Tech: ": 3,
            "Run Time: ": 22.71,
            "Score List: ": "Level 0: 83.746094 | Level 1: -0.065557 | Level 2: 0.000000 | Level 3: 0.036481 | Post Optimization: 0.000000 | Level 2: -0.035197 | Level 1: 0.000000 | Level 0: -0.035528 | Post Optimization: -0.003569 | "
        },
        "50.30.1.txt.4": {
            "Best Score: ": 70.68128448529892,
            "Best Solution: ": "70.681284 == [[[15,38,30,45,21,43,29,27,36,7]],[[41,13,20,1,40,49,16,18,4,25]],[[33,2,34,8,5,39,17,32,42,46,14]]] || [[19,24,28,9,12,22],[47,37,3,44,50,11,31],[48,35,6,10,26,23]]",
            "Num_Drone: ": 3,
            "Num_Tech: ": 3,
            "Run Time: ": 23.813,
            "Score List: ": "Level 0: 83.746094 | Level 1: -0.098572 | Level 2: -0.057727 | Level 3: 0.084751 | Post Optimization: -0.055505 | Level 2: -0.030154 | Level 1: 0.000000 | Level 0: 0.000000 | Post Optimization: 0.000000 | "
        },
        "50.30.1.txt.5": {
            "Best Score: ": 67.77192098499995,
            "Best Solution: ": "67.771921 == [[[4,25,3,47,37,16,49,40,18,1,20,6,10,26]],[[48,35,44,50,30,45,38,15,21,43,29,11,31]],[[14,36,27,32,42,46,17,33,2,7]]] || [[12,9],[23,22,19,5,8,39,34],[41,24,28,13]]",
            "Num_Drone: ": 3,
            "Num_Tech: ": 3,
            "Run Time: ": 21.306,
            "Score List: ": "Level 0: 83.746094 | Level 1: -0.065557 | Level 2: -0.057635 | Level 3: 0.053921 | Post Optimization: -0.074955 | Level 2: -0.019595 | Level 1: -0.005695 | Level 0: -0.033022 | Post Optimization: -0.000000 | "
        },
        "50.30.1.txt.6": {
            "Best Score: ": 67.77205972316871,
            "Best Solution: ": "67.772060 == [[[4,25,47,37,3,16,49,18,40,1,6,20,26,7]],[[30,45,38,15,21,29,43,27,36]],[[14,42,46,32,17,39,8,5,34,33,2,23]]] || [[41,13,28,24,19],[22,9,12],[10,35,48,44,50,11,31]]",
            "Num_Drone: ": 3,
            "Num_Tech: ": 3,
            "Run Time: ": 21.194,
            "Score List: ": "Level 0: 83.746094 | Level 1: -0.065557 | Level 2: -0.059680 | Level 3: -0.000567 | Post Optimization: 0.000000 | Level 2: -0.066950 | Level 1: 0.000000 | Level 0: -0.011184 | Post Optimization: -0.001189 | "
        },
        "50.30.1.txt.7": {
            "Best Score: ": 67.77205972316871,
            "Best Solution: ": "67.772060 == [[[10,6,20,1,18,40,49,16,3,47,37,25,4,26]],[[29,21,45,38,15,43,27,36,14]],[[34,2,33,8,5,39,17,32,46,42]]] || [[12,9,22],[31,11,30,50,44,35,48,7],[41,13,28,24,19,23]]",