{
    "50.10.3 | Average: ": 22.38845501847569,
    "50.10.3 | Best: ": 21.882987387092513,
    "50.10.3 | STD: ": 0.35099690095993097,
    "50.10.3.txt": {
        "50.10.3.txt.1": {
            "Best Score: ": 22.483287044971767,
            "Best Solution: ": "22.483287 == [[[17,28,11,31,50,9,45,3,44,34]],[[5,29,15,16,13,41,43,38,7,26]],[[46,8,22,21,1,24,48,27,42,39,18]]] || [[10,35,33,37,25,23],[47,14,19,30,20],[49,12,4,36,2,40,6,32]]",
            "Num_Drone: ": 3,
            "Num_Tech: ": 3,
            "Run Time: ": 27.128,
            "Score List: ": "Level 0: 42.387961 | Level 1: -0.364626 | Level 2: -0.098498 | Level 3: 0.033057 | Post Optimization: -0.073551 | Level 2: -0.020944 | Level 1: 0.000000 | Level 0: -0.011747 | Post Optimization: 0.000000 | "
        },
        "50.10.3.txt.10": {
            "Best Score: ": 22.49201812088868,
            "Best Solution: ": "22.492018 == [[[16,13,41,43,38,7,17,47,19]],[[8,22,1,21,24,48,27,42,39,18]],[[28,9,50,31,4,36,12,2,40,32]]] || [[10,35,33,37,25,23,6],[30,14,29,15,20,5,46],[49,3,44,34,45,11,26]]",
            "Num_Drone: ": 3,
            "Num_Tech: ": 3,
            "Run Time: ": 26.63,
            "Score List: ": "Level 0: 42.387961 | Level 1: -0.364626 | Level 2: -0.075600 | Level 3: 0.028376 | Post Optimization: -0.062996 | Level 2: -0.051653 | Level 1: 0.000000 | Level 0: -0.011364 | Post Optimization: 0.000000 | "
        },
        "50.10.3.txt.2": {
            "Best Score: ": 22.66667692861107,
            "Best Solution: ": "22.666677 == [[[32,46,8,21,24,27,48,42,39,18,6]],[[47,19,29,16,13,41,43,38,7,17]],[[9,11,31,50,36,12,4,2,40]]] || [[10,33,37,25,23,35],[5,5,14,20,30,1,22],[26,44,3,45,28,34,49]]",
            "Num_Drone: ": 3,
            "Num_Tech: ": 3,
            "Run Time: ": 25.527,
            "Score List: ": "Level 0: 42.387961 | Level 1: -0.364626 | Level 2: -0.025861 | Level 3: -0.081137 | Post Optimization: -0.019171 | Level 2: -0.000704 | Level 1: -0.025509 | Level 0: -0.015584 | Post Optimization: 0.000000 | "
        },
        "50.10.3.txt.3": {
            "Best Score: ": 22.69065873146699,
            "Best Solution: ": "22.690659 == [[[46,30,21,1,24,48,27,42,39,22]],[[47,19,16,41,13,43,38,7,17]],[[45,28,50,31,11,9,3,44,34,26]]] || [[10,35,33,23,37,25,18],[20,15,29,14,5,8],[6,40,2,12,36,4,49,32]]",
            "Num_Drone: ": 3,
            "Num_Tech: ": 3,
            "Run Time: ": 25.969,
            "Score List: ": "Level 0: 42.387961 | Level 1: -0.364626 | Level 2: 0.196918 | Level 3: -0.279394 | Post Optimization: -0.000782 | Level 2: 0.000000 | Level 1: -0.007992 | Level 0: -0.014543 | Post Optimization: 0.000000 | "
        },
        "50.10.3.txt.4": {
            "Best Score: ": 21.89158728632626,
            "Best Solution: ": "21.891587 == [[[46,16,15,29,13,41,43,38,7]],[[8,22,21,1,24,48,27,42,39,18]],[[34,45,28,11,9,31,50,36,4,12,3,44]]] || [[23,25,37,33,6],[32,40,10,35,2,49,26],[17,47,19,5,20,14,30]]",
            "Num_Drone: ": 3,
            "Num_Tech: ": 3,
            "Run Time: ": 25.524,
            "Score List: ": "Level 0: 42.387961 | Level 1: -0.364626 | Level 2: -0.032398 | Level 3: 0.081606 | Post Optimization: -0.080875 | Level 2: -0.116020 | Level 1: -0.032408 | Level 0: -0.012055 | Post Optimization: -0.000006 | "
        },
        "50.10.3.txt.5": {
            "Best Score: ": 22.483287044971767,
            "Best Solution: ": "22.483287 == [[[17,43,38,41,13,15,29,5]],[[26,28,11,9,50,31,4,36,12,2,32]],[[46,8,22,21,1,24,48,27,42,39,18,6]]] || [[10,35,33,37,25,23],[7,34,45,3,44,49,40],[47,19,20,30,14,16]]",
            "Num_Drone: ": 3,
            "Num_Tech: ": 3,
            "Run Time: ": 25.237,
            "Score List: ": "Level 0: 42.387961 | Level 1: -0.364626 | Level 2: 0.020173 | Level 3: 0.044041 | Post Optimization: -0.179310 | Level 2: -0.028618 | Level 1: -0.005146 | Level 0: -0.011747 | Post Optimization: 0.000000 | "
        },
        "50.10.3.txt.6": {
            "Best Score: ": 21.882987387092513,
            "Best Solution: ": "21.882987 == [[[46,8,21,24,48,27,42,39,18,35,10,6]],[[17,16,43,41,13,15,29,5]],[[7,38,28,11,9,50,31,45,34,26]]] || [[33,37,25,23],[22,1,30,14,20,19,47],[32,49,44,3,4,36,12,2,40]]",
            "Num_Drone: ": 3,
            "Num_Tech: ": 3,
            "Run Time: ": 25.622,
            "Score List: ": "Level 0: 42.387961 | Level 1: -0.364626 | Level 2: -0.015490 | Level 3: 0.161156 | Post Optimization: -0.165237 | Level 2: 0.000000 | Level 1: -0.108708 | Level 0: -0.019257 | Post Optimization: -0.025939 | "
        },
        "50.10.3.txt.7": {
            "Best Score: ": 22.69065873146699,
            "Best Solution: ": "22.690659 == [[[26,34,44,45,3,9,50,31,11,28]],[[46,17,16,15,29,13,41,43,38,7]],[[20,14,24,48,27,42,39,22]]] || [[10,35,33,23,37,25,18],[19,47,5,30,8,21,46],[32,6,40,2,36,4,12,49]]",
            "Num_Drone: ": 3,
            "Num_Tech: ": 3,
            "Run Time: ": 26.293,
            "Score List: ": "Level 0: 42.387961 | Level 1: -0.364626 | Level 2: -0.006118 | Level 3: -0.008322 | Post Optimization: -0.093208 | Level 2: 0.000000 | Level 1: -0.043413 | Level 0: -0.014543 | Post Optimization: 0.000000 | "
        },
        "50.10.3.txt.8": {
            "Best Score: ": 21.912730177493877,
            "Best Solution: ": "21.912730 == [[[22,21,1,24,48,27,42,39,18,6]],[[46,17,16,29,29,15,15,43,38,7,26]],[[34,45,31,50,36,4,12,2,10,40]]] || [[47,20,19,5,30,14,8],[28,11,9,3,44,49,32],[23,25,37,33,35]]",
            "Num_Drone: ": 3,
            "Num_Tech: ": 3,
            "Run Time: ": 25.855,
            "Score List: ": "Level 0: 42.387961 | Level 1: -0.364626 | Level 2: -0.083148 | Level 3: -0.033865 | Post Optimization: -0.036182 | Level 2: -0.006489 | Level 1: -0.004100 | Level 0: -0.036442 | Post Optimization: -0.000398 | "
        },
        "50.10.3.txt.9": {
            "Best Score: ": 22.69065873146699,
            "Best Solution: ": "22.690659 == [[[8,22,21,1,24,48,27,39,42]],[[34,3,44,50,9,11,31,45,28,7,26]],[[17,38,43,41,13,15,29,20,30]]] || [[10,35,33,23,37,25,18],[19,5,14,16,47,46],[49,12,4,36,2,40,6,32]]",
            "Num_Drone: ": 3,
            "Num_Tech: ": 3,
            "Run Time: ": 25.866,
            "Score List: ": "Level 0: 42.387961 | Level 1: -0.364626 | Level 2: -0.009882 | Level 3: -0.063626 | Post Optimization: -0.077850 | Level 2: 0.000000 | Level 1: 0.000000 | Level 0: -0.014543 | Post Optimization: 0.000000 | "
        }
    }
}
