{
    "50.10.1 | Average: ": 22.973249871418897,
    "50.10.1 | Best: ": 22.973249871418897,
    "50.10.1 | STD: ": 0.0,
    "50.10.1.txt": {
        "50.10.1.txt.1": {
            "Best Score: ": 22.973249871418897,
            "Best Solution: ": "22.973250 == [[[41,48,1,39,37,26,45,36,29,5,31]],[[30,21,35,11,18,6,33,7,34,2]],[[10,3,50,42,24,14,15,28,12,20,16]]] || [[19,17,49,25],[40,32,43,23,44,38,46],[22,9,47,13,27,4,8]]",
            "Num_Drone: ": 3,
            "Num_Tech: ": 3,
            "Run Time: ": 20.281,
            "Score List: ": "Level 0: 38.076377 | Level 1: -0.248010 | Level 2: -0.137535 | Level 3: -0.069721 | Post Optimization: 0.000000 | Level 1: 0.000000 | Level 0: 0.000000 | Post Optimization: 0.000000 | "
        }
    }
}
