{
    "50.30.4 | Average: ": 68.62959740274482,
    "50.30.4 | Best: ": 66.2179670558317,
    "50.30.4 | STD: ": 3.2640605402238863,
    "50.30.4.txt": {
        "50.30.4.txt.1": {
            "Best Score: ": 73.56648220147625,
            "Best Solution: ": "73.566482 == [[[14,20,35,28,32,1,33,31,39]],[[19,8,30,16,27,2,18,46,47,21]],[[17,43,3,38,42,45,5,36]]] || [[24,23,41,34,25,29,40],[6,13,12,15,49,11,50,10,4,7],[48,44,22,37,26,9]]",
            "Num_Drone: ": 3,
            "Num_Tech: ": 3,
            "Run Time: ": 29.752,
            "Score List: ": "Level 0: 86.598945 | Level 1: -0.112477 | Level 2: -0.011401 | Level 3: -0.017077 | Post Optimization: -0.014974 | Level 1: 0.000000 | Level 0: -0.000000 | Post Optimization: 0.000000 | "
        },
        "50.30.4.txt.2": {
            "Best Score: ": 66.71853092944872,
            "Best Solution: ": "66.718531 == [[[50,11,49,14,20,35,28,32,4,10,7]],[[44,22,37,19,8,30,16,27]],[[17,33,31,1,3,43,38,42,39,24,23]]] || [[41,45,5,36,34],[46,2,18,25,29,40,21,9],[26,47,48,6,13,12,15]]",
            "Num_Drone: ": 3,
            "Num_Tech: ": 3,
            "Run Time: ": 26.799,
            "Score List: ": "Level 0: 86.598945 | Level 1: -0.133160 | Level 2: -0.073864 | Level 3: -0.020348 | Post Optimization: 0.000000 | Level 1: 0.000000 | Level 0: -0.019295 | Post Optimization: -0.001128 | "
        },
        "50.30.4.txt.3": {
            "Best Score: ": 66.2179670558317,
            "Best Solution: ": "66.217967 == [[[15,11,35,20,14,49,28,32,4,10,50]],[[48,44,22,37,19,8,16,30,47,9]],[[23,24,39,42,3,43,38,1,33,31,17,7]]] || [[45,5,36,34,41],[29,25,27,18,2,46,21],[40,26,6,12,13]]",
            "Num_Drone: ": 3,
            "Num_Tech: ": 3,
            "Run Time: ": 26.784,
            "Score List: ": "Level 0: 86.598945 | Level 1: -0.215929 | Level 2: -0.004867 | Level 3: -0.012591 | Post Optimization: 0.000000 | Level 1: -0.002852 | Level 0: -0.004664 | Post Optimization: 0.000000 | "
        },
        "50.30.4.txt.4": {
            "Best Score: ": 66.25045323394512,
            "Best Solution: ": "66.250453 == [[[48,44,22,37,19,8,30,16,47,9]],[[11,49,14,20,35,28,32,50,4,7]],[[17,1,33,31,43,3,38,42,39,24,23]]] || [[40,29,25,27,18,2,46,21],[26,6,13,12,15,10],[36,45,5,34,41]]",
            "Num_Drone: ": 3,
            "Num_Tech: ": 3,
            "Run Time: ": 26.774,
            "Score List: ": "Level 0: 86.598945 | Level 1: -0.192055 | Level 2: -0.034475 | Level 3: -0.000043 | Post Optimization: 0.000000 | Level 1: -0.014778 | Level 0: -0.004559 | Post Optimization: 0.000000 | "
        },
        "50.30.4.txt.5": {
            "Best Score: ": 70.39455359302232,
            "Best Solution: ": "70.394554 == [[[48,44,22,19,37,8,16,27,2,18,46,21]],[[14,20,35,1,33,31,17]],[[36,5,45,40,30,47,26,9]]] || [[24,39,38,3,43,42,7],[6,13,12,15,11,49,28,32,4,10,50],[23,41,34,25,29]]",
            "Num_Drone: ": 3,
            "Num_Tech: ": 3,
            "Run Time: ": 27.164,
            "Score List: ": "Level 0: 86.598945 | Level 1: -0.121425 | Level 2: -0.001332 | Level 3: -0.046868 | Post Optimization: -0.027984 | Level 1: 0.000000 | Level 0: 0.000000 | Post Optimization: 0.000000 | "
        }
    }
}
