{
    "50.30.1 | Average: ": 69.23816981121675,
    "50.30.1 | Best: ": 69.23816981121675,
    "50.30.1 | STD: ": 0.0,
    "50.30.1.txt": {
        "50.30.1.txt.1": {
            "Best Score: ": 69.23816981121675,
            "Best Solution: ": "69.238170 == [[[42,46,32,17,39,8,5,34,33,2,23,26,7]],[[1,40,18,4,25,3,37,47,16,49,20,6,10]],[[43,21,30,45,38,44,50,35,48]]] || [[22,12,9,28],[14,27,36,15,29,31,11],[13,41,24,19]]",
            "Num_Drone: ": 3,
            "Num_Tech: ": 3,
            "Run Time: ": 29.119,
            "Score List: ": "Level 0: 83.746094 | Level 1: -0.135680 | Level 2: -0.001790 | Level 3: -0.041694 | Level 4: 0.000000 | Level 5: 0.012204 | Level 6: 0.000000 | Level 7: 0.000000 | Level 8: 0.000000 | Level 9: 0.000000 | Level 10: 0.000000 | Post Optimization: 0.000000 | Level 8: 0.000000 | Level 7: 0.000000 | Level 6: 0.000000 | Level 5: 0.000000 | Level 4: -0.012056 | Level 3: 0.000000 | Level 2: -0.000046 | Level 1: 0.000000 | Level 0: 0.000000 | Post Optimization: 0.000000 | "
        }
    }
}
