{
    "50.10.1 | Average: ": 23.992615831072364,
    "50.10.1 | Best: ": 23.992615831072364,
    "50.10.1 | STD: ": 0.0,
    "50.10.1.txt": {
        "50.10.1.txt.1": {
            "Best Score: ": 23.992615831072364,
            "Best Solution: ": "23.992616 == [[[10,8,22,21,35,11,18,6,33,7,34]],[[48,1,31,32,38,43,46,23,44,39,5,40]],[[30,3,50,42,24,14,15,28,12,20,16,2]]] || [[41,9,27,4,47,13],[36,37,26,45,29],[19,17,49,25]]",
            "Num_Drone: ": 3,
            "Num_Tech: ": 3,
            "Run Time: ": 7.947,
            "Score List: ": "Level 0: 38.076377 | Level 1: -0.356052 | Post Optimization: -0.016429 | Post Optimization: -0.005132 | "
        }
    },
    "50.10.2 | Average: ": 23.94062984512602,
    "50.10.2 | Best: ": 23.94062984512602,
    "50.10.2 | STD: ": 0.0,
    "50.10.2.txt": {
        "50.10.2.txt.1": {
            "Best Score: ": 23.94062984512602,
            "Best Solution: ": "23.940630 == [[[2,8,33,39,24,13,44,14,23,4,21,19,47]],[[45,50,42,38,18,30,22]],[[11,27,46,1,12,41,34,6,29]]] || [[28,17,25,10,9,43,37,5,16],[36,32,15,49,20,7],[3,48,40,35,26,31]]",
            "Num_Drone: ": 3,
            "Num_Tech: ": 3,
            "Run Time: ": 6.328,
            "Score List: ": "Level 0: 36.831386 | Level 1: -0.349994 | Post Optimization: 0.000000 | Post Optimization: 0.000000 | "
        }
    },
    "50.10.3 | Average: ": 22.483287044971767,
    "50.10.3 | Best: ": 22.483287044971767,
    "50.10.3 | STD: ": 0.0,
    "50.10.3.txt": {
        "50.10.3.txt.1": {
            "Best Score: ": 22.483287044971767,
            "Best Solution: ": "22.483287 == [[[8,22,21,1,24,27,48,42,39,18,6]],[[47,17,7,45,34,11,9,50,31,44,49]],[[19,16,13,41,43,38,28,26]]] || [[10,35,33,37,25,23],[46,5,30,14,29,15,20],[32,3,12,4,36,2,40]]",
            "Num_Drone: ": 3,
            "Num_Tech: ": 3,
            "Run Time: ": 7.599,
            "Score List: ": "Level 0: 42.387961 | Level 1: -0.469583 | Post Optimization: 0.000000 | Post Optimization: 0.000000 | "
        }
    },
    "50.10.4 | Average: ": 22.336545836940324,
    "50.10.4 | Best: ": 22.336545836940324,
    "50.10.4 | STD: ": 0.0,
    "50.10.4.txt": {
        "50.10.4.txt.1": {
            "Best Score: ": 22.336545836940324,
            "Best Solution: ": "22.336546 == [[[46,2,10,6,29,33,45,4,13,11]],[[24,32,30,25,37,31,1,16,34,22]],[[20,47,27,50,26,43,18,8,7,15]]] || [[44,23,42,49,17,40,35],[28,3,9,19,5,41,12],[48,21,36,39,14,38]]",
            "Num_Drone: ": 3,
            "Num_Tech: ": 3,
            "Run Time: ": 8.373,
            "Score List: ": "Level 0: 30.170329 | Level 1: -0.258629 | Post Optimization: -0.001380 | Post Optimization: 0.000000 | "
        }
    },
    "50.20.1 | Average: ": 43.73894187602812,
    "50.20.1 | Best: ": 43.73894187602812,
    "50.20.1 | STD: ": 0.0,
    "50.20.1.txt": {
        "50.20.1.txt.1": {
            "Best Score: ": 43.73894187602812,
            "Best Solution: ": "43.738942 == [[[15,46,48,27,43,10,42,8,39]],[[18,20,38,4,28,35,16,50,36,30,34,26,24,25,45]],[[44,13,21,23,40]]] || [[12,19,3,29,9,11,2,33],[1,22,7,47,31,41],[32,14,17,6,37,5,49]]",
            "Num_Drone: ": 3,
            "Num_Tech: ": 3,
            "Run Time: ": 9.916,
            "Score List: ": "Level 0: 59.314033 | Level 1: -0.225644 | Post Optimization: -0.044063 | Post Optimization: -0.003813 | "
        }
    },
    "50.20.2 | Average: ": 45.688383335106934,
    "50.20.2 | Best: ": 45.688383335106934,
    "50.20.2 | STD: ": 0.0,
    "50.20.2.txt": {
        "50.20.2.txt.1": {
            "Best Score: ": 45.688383335106934,
            "Best Solution: ": "45.688383 == [[[3,11,26,45,29,2,48,47,50,28,43,49,32,6,34]],[[41,13,21,8,9,30,15,35,33,16,36,1]],[[17,39,4,44,22,14,18,42,12,25,40]]] || [[5,24,27,31],[20,37],[46,38,19,7,10,23]]",
            "Num_Drone: ": 3,
            "Num_Tech: ": 3,
            "Run Time: ": 10.888,
            "Score List: ": "Level 0: 67.359034 | Level 1: -0.313386 | Post Optimization: -0.010557 | Post Optimization: -0.001596 | "
        }
    },
    "50.20.3 | Average: ": 51.08847583676358,
    "50.20.3 | Best: ": 51.08847583676358,
    "50.20.3 | STD: ": 0.0,
    "50.20.3.txt": {
        "50.20.3.txt.1": {
            "Best Score: ": 51.08847583676358,
            "Best Solution: ": "51.088476 == [[[16,28,22,13,18,8,46,6,40,35]],[[36,49,17,30,19,41,10,23,27,3]],[[26,50,32,1,38,4,7,24,44,5,21]]] || [[37,11,12,48],[2,14,31,34,9,29,33],[39,47,45,15,42,20,43,25]]",
            "Num_Drone: ": 3,
            "Num_Tech: ": 3,
            "Run Time: ": 7.649,
            "Score List: ": "Level 0: 70.126255 | Level 1: -0.271479 | Post Optimization: 0.000000 | Post Optimization: 0.000000 | "
        }
    },
    "50.20.4 | Average: ": 48.66104650453087,
    "50.20.4 | Best: ": 48.66104650453087,
    "50.20.4 | STD: ": 0.0,
    "50.20.4.txt": {
        "50.20.4.txt.1": {
            "Best Score: ": 48.66104650453087,
            "Best Solution: ": "48.661047 == [[[35,39,40,18,11,27,49,21,13]],[[45,1,3,47,42,2,9,33,28,24,36,23,16]],[[4,34,22,31,44,15,48,6,29,37,32]]] || [[17,26,46,14,19,41,38],[25,43,10,20,50],[8,5,30,12,7]]",
            "Num_Drone: ": 3,
            "Num_Tech: ": 3,
            "Run Time: ": 15.081,
            "Score List: ": "Level 0: 65.263169 | Level 1: -0.227568 | Post Optimization: -0.012757 | Post Optimization: -0.022247 | "
        }
    },
    "50.30.1 | Average: ": 72.40977128119277,
    "50.30.1 | Best: ": 72.40977128119277,
    "50.30.1 | STD: ": 0.0,
    "50.30.1.txt": {
        "50.30.1.txt.1": {
            "Best Score: ": 72.40977128119277,
            "Best Solution: ": "72.409771 == [[[43,21,15,27,36,34,14]],[[4,25,3,37,47,35,48,44,50,30,45,38,29,11,31,7]],[[32,42,46,17,39,8,5,33,2,41,26]]] || [[22,12,9,28,19,23],[6,49,16,18],[24,13,20,1,40,10]]",
            "Num_Drone: ": 3,
            "Num_Tech: ": 3,
            "Run Time: ": 11.05,
            "Score List: ": "Level 0: 83.746094 | Level 1: -0.135365 | Post Optimization: 0.000000 | Post Optimization: 0.000000 | "
        }
    },
    "50.30.2 | Average: ": 65.15643886999362,
    "50.30.2 | Best: ": 65.15643886999362,
    "50.30.2 | STD: ": 0.0,
    "50.30.2.txt": {
        "50.30.2.txt.1": {
            "Best Score: ": 65.15643886999362,
            "Best Solution: ": "65.156439 == [[[16,26,14,44,46,29,42]],[[45,23,32,10,38,36,37,12,19,7]],[[30,34,35,3,21,28,6,5,48,9,22,31]]] || [[39,50,2,43,20,33,15,27],[40,18,24,11,4],[49,8,47,17,1,41,13,25]]",
            "Num_Drone: ": 3,
            "Num_Tech: ": 3,
            "Run Time: ": 9.239,
            "Score List: ": "Level 0: 83.041599 | Level 1: -0.214727 | Post Optimization: -0.000826 | Post Optimization: 0.000000 | "
        }
    },
    "50.30.3 | Average: ": 68.33042397788857,
    "50.30.3 | Best: ": 68.33042397788857,
    "50.30.3 | STD: ": 0.0,
    "50.30.3.txt": {
        "50.30.3.txt.1": {
            "Best Score: ": 68.33042397788857,
            "Best Solution: ": "68.330424 == [[[4,9,39,34,30,28,31,45,16,20,25]],[[3,10,13,26,36,7,50,35,49,21]],[[46,15,8,41,48,29,6,43,12,22]]] || [[2,17,18,44,23,40,27,14,38],[24,47,19,33],[1,32,5,37,11,42]]",
            "Num_Drone: ": 3,
            "Num_Tech: ": 3,
            "Run Time: ": 8.401,
            "Score List: ": "Level 0: 89.324648 | Level 1: -0.235033 | Post Optimization: 0.000000 | Post Optimization: 0.000000 | "
        }
    },
    "50.30.4 | Average: ": 76.16595145156985,
    "50.30.4 | Best: ": 76.16595145156985,
    "50.30.4 | STD: ": 0.0,
    "50.30.4.txt": {
        "50.30.4.txt.1": {
            "Best Score: ": 76.16595145156985,
            "Best Solution: ": "76.165951 == [[[20,35,14,49,28,32,1,33,31,17,7]],[[22,44,48,6,13,12,15,4,11,50,10]],[[43,3,38,42,23,45,5,36,41,21]]] || [[8,19,37],[30,46,29,40,24,39],[34,25,18,2,27,16,47,26,9]]",
            "Num_Drone: ": 3,
            "Num_Tech: ": 3,
            "Run Time: ": 7.694,