{
    "50.40.1 | Average: ": 85.22069250954672,
    "50.40.1 | Best: ": 85.22069250954672,
    "50.40.1 | STD: ": 0.0,
    "50.40.1.txt": {
        "50.40.1.txt.1": {
            "Best Score: ": 85.22069250954672,
            "Best Solution: ": "85.220693 == [[[42,25,40,41,37,43,49,15,44,34]],[[16,2,6,28,35,27,20,39,7,5,17]],[[48,19,3,18,45,22,29]]] || [[36,23,50,33,10,46,24],[21,13,47,31,32,14],[4,38,8,26,1,11,30,9,12]]",
            "Num_Drone: ": 3,
            "Num_Tech: ": 3,
            "Run Time: ": 21.861,
            "Score List: ": "Level 0: 149.125350 | Level 1: -0.231962 | Level 2: -0.002985 | Level 3: 0.017793 | Level 4: -0.040616 | Level 5: -0.056904 | Level 6: -0.017286 | Level 7: -0.111383 | Level 8: 0.000000 | Level 9: 0.000000 | Level 10: 0.000000 | Post Optimization: 0.000000 | Level 8: 0.000000 | Level 7: 0.000000 | Level 6: -0.000000 | Level 5: 0.000000 | Level 4: 0.000000 | Level 3: 0.000000 | Level 2: -0.046486 | Level 1: -0.026732 | Level 0: 0.000000 | Post Optimization: 0.000000 | "
        }
    }
}
