{
    "50.40.1 | Average: ": 116.5499778151935,
    "50.40.1 | Best: ": 114.20760628938442,
    "50.40.1 | STD: ": 2.061167847560496,
    "50.40.1.txt": {
        "50.40.1.txt.1": {
            "Best Score: ": 117.48253502481145,
            "Best Solution: ": "117.482535 == [[[22,45,29],[16,2,6,28,35,27,20]],[[3,18,19,48,15,34,44],[23,50,5,10,33,46]],[[49,43,37,24],[36,39,7]]] || [[41,25,42,40,40],[13,47,31,32,14,4,38,12],[8,26,1,11,30,9,17]]",
            "Num_Drone: ": 3,
            "Num_Tech: ": 3,
            "Run Time: ": 9.288,
            "Score List: ": "Level 0: 149.125350 | Level 1: -0.113452 | Level 2: -0.045228 | Level 3: 0.000000 | Post Optimization: -0.001096 | Level 2: 0.000000 | Level 1: 0.000000 | Level 0: 0.000000 | Post Optimization: -0.068258 | "
        },
        "50.40.1.txt.2": {
            "Best Score: ": 119.4872309008136,
            "Best Solution: ": "119.487231 == [[[36],[16,2,6,28,35,27,20,39,7]],[[49,43,37,32,14],[17,5,45,22,29]],[[19,18,3,48,34,15,44],[10,33,46,50,23,24]]] || [[41,40,40,25,42],[13,47,31,4,38,12],[8,26,1,11,30,9]]",
            "Num_Drone: ": 3,
            "Num_Tech: ": 3,
            "Run Time: ": 6.258,
            "Score List: ": "Level 0: 149.125350 | Level 1: -0.073623 | Level 2: 0.027777 | Level 3: -0.095645 | Post Optimization: -0.046993 | Level 2: 0.000000 | Level 1: 0.000000 | Level 0: 0.000000 | Post Optimization: -0.023554 | "
        },
        "50.40.1.txt.3": {
            "Best Score: ": 115.13691492239761,
            "Best Solution: ": "115.136915 == [[[34,48,17],[16,2,6,28,35,27,20,36]],[[18,19,3,45,22,29,10,33],[23,50,5,46]],[[44,15,49,43,37],[7,39]]] || [[41,40,40,25,42,32,24],[13,47,31,14,4,38,12],[8,26,1,11,30,9]]",
            "Num_Drone: ": 3,
            "Num_Tech: ": 3,
            "Run Time: ": 7.255,
            "Score List: ": "Level 0: 149.125350 | Level 1: -0.113452 | Level 2: 0.000000 | Level 3: -0.018345 | Post Optimization: -0.062403 | Level 2: 0.000000 | Level 1: 0.000000 | Level 0: 0.000000 | Post Optimization: -0.053794 | "
        },
        "50.40.1.txt.4": {
            "Best Score: ": 116.43560193856047,
            "Best Solution: ": "116.435602 == [[[47,31,4,38],[16,2,6,35,28,27,20,36]],[[19,18,3,48],[39,7]],[[15,49,43,37,41],[10,5,50,17,12]]] || [[40,40,25,42,13,32,14,24],[45,22,29,34,44,33,46],[8,26,1,11,30,9,23]]",
            "Num_Drone: ": 3,
            "Num_Tech: ": 3,
            "Run Time: ": 7.13,
            "Score List: ": "Level 0: 149.125350 | Level 1: -0.052615 | Level 2: -0.103095 | Level 3: -0.001798 | Post Optimization: -0.044429 | Level 2: 0.000000 | Level 1: 0.000000 | Level 0: -0.009315 | Post Optimization: -0.027602 | "
        },
        "50.40.1.txt.5": {
            "Best Score: ": 114.20760628938442,
            "Best Solution: ": "114.207606 == [[[47,31,4,38],[16,2,6,28,35]],[[19,48,3,18,45,22,29,10,33,46],[34,44]],[[15,49,43,37,41],[12,5,17]]] || [[40,40,25,42,13,32,14,24],[7,39,27,20,36,50],[8,26,1,11,30,9,23]]",
            "Num_Drone: ": 3,
            "Num_Tech: ": 3,
            "Run Time: ": 7.898,
            "Score List: ": "Level 0: 149.125350 | Level 1: -0.052615 | Level 2: -0.103095 | Level 3: 0.000000 | Post Optimization: -0.035456 | Level 2: 0.000000 | Level 1: -0.002400 | Level 0: 0.000000 | Post Optimization: -0.063317 | "
        }
    }
}
