{
    "50.10.1 | Average: ": 22.973249871418897,
    "50.10.1 | Best: ": 22.973249871418897,
    "50.10.1 | STD: ": 0.0,
    "50.10.1.txt": {
        "50.10.1.txt.1": {
            "Best Score: ": 22.973249871418897,
            "Best Solution: ": "22.973250 == [[[26,37,39,45,36,29,48,1,41]],[[10,3,50,42,24,14,15,28,11,20,16]],[[8,30,22,21,35,12,18,6,33,7,34]]] || [[9,27,4,13,47],[2,43,46,38,44,23,31,5,32,40],[19,17,49,25]]",
            "Num_Drone: ": 3,
            "Num_Tech: ": 3,
            "Run Time: ": 14.778,
            "Score List: ": "Level 0: 38.076377 | Level 1: -0.349842 | Level 2: -0.072001 | Post Optimization: 0.000000 | Level 0: 0.000000 | Post Optimization: 0.000000 | "
        }
    },
    "50.10.2 | Average: ": 23.853784506403887,
    "50.10.2 | Best: ": 23.853784506403887,
    "50.10.2 | STD: ": 0.0,
    "50.10.2.txt": {
        "50.10.2.txt.1": {
            "Best Score: ": 23.853784506403887,
            "Best Solution: ": "23.853785 == [[[25,10,42,45,50,9,43,37,5,16]],[[2,8,33,39,24,4,21,14,44,13,23,19,31]],[[47,46,1,12,41,6,29,34,28,17]]] || [[38,30,3,18,22],[36,32,15,7,49,20,27,11],[48,40,35,26]]",
            "Num_Drone: ": 3,
            "Num_Tech: ": 3,
            "Run Time: ": 16.884,
            "Score List: ": "Level 0: 36.831386 | Level 1: -0.349994 | Level 2: -0.003628 | Post Optimization: 0.000000 | Level 0: 0.000000 | Post Optimization: 0.000000 | "
        }
    },
    "50.10.3 | Average: ": 21.92146125341079,
    "50.10.3 | Best: ": 21.92146125341079,
    "50.10.3 | STD: ": 0.0,
    "50.10.3.txt": {
        "50.10.3.txt.1": {
            "Best Score: ": 21.92146125341079,
            "Best Solution: ": "21.921461 == [[[17,7,45,11,9,50,31,3,44,49,40]],[[46,8,22,21,1,24,48,27,42,39,18]],[[47,16,13,41,43,38,28,34,26]]] || [[35,33,37,25,23,6],[5,30,14,29,15,20,19],[36,4,12,2,10,32]]",
            "Num_Drone: ": 3,
            "Num_Tech: ": 3,
            "Run Time: ": 16.942,
            "Score List: ": "Level 0: 42.387961 | Level 1: -0.469583 | Level 2: 0.000000 | Post Optimization: 0.000000 | Level 0: -0.024989 | Post Optimization: 0.000000 | "
        }
    },
    "50.10.4 | Average: ": 21.964983680182733,
    "50.10.4 | Best: ": 21.964983680182733,
    "50.10.4 | STD: ": 0.0,
    "50.10.4.txt": {
        "50.10.4.txt.1": {
            "Best Score: ": 21.964983680182733,
            "Best Solution: ": "21.964984 == [[[24,20,46,10,6,29,33,4,45,44,13,11]],[[3,28,7,8,18,43,50,26,47,27]],[[32,30,25,37,31,1,16,34,22]]] || [[23,42,49,17,40,35],[15,9,19,5,41,12],[48,2,21,36,39,14,38]]",
            "Num_Drone: ": 3,
            "Num_Tech: ": 3,
            "Run Time: ": 19.961,
            "Score List: ": "Level 0: 30.170329 | Level 1: -0.258629 | Level 2: -0.001543 | Post Optimization: 0.000000 | Level 0: -0.016474 | Post Optimization: 0.000000 | "
        }
    },
    "50.20.1 | Average: ": 41.581697488622524,
    "50.20.1 | Best: ": 41.581697488622524,
    "50.20.1 | STD: ": 0.0,
    "50.20.1.txt": {
        "50.20.1.txt.1": {
            "Best Score: ": 41.581697488622524,
            "Best Solution: ": "41.581697 == [[[13,33,21,23,32,40]],[[18,15,20,46,38,44,4,28,35,16,50,36,30,34,26,25,24]],[[48,27,43,10,42,8,45,39]]] || [[41,19,29,9,11,2,3,12],[47,22,7,1,31],[6,14,17,37,5,49]]",
            "Num_Drone: ": 3,
            "Num_Tech: ": 3,
            "Run Time: ": 21.488,
            "Score List: ": "Level 0: 59.314033 | Level 1: -0.221407 | Level 2: -0.058074 | Post Optimization: -0.005879 | Level 0: -0.038436 | Post Optimization: 0.000000 | "
        }
    },
    "50.20.2 | Average: ": 43.66041809945832,
    "50.20.2 | Best: ": 43.66041809945832,
    "50.20.2 | STD: ": 0.0,
    "50.20.2.txt": {
        "50.20.2.txt.1": {
            "Best Score: ": 43.66041809945832,
            "Best Solution: ": "43.660418 == [[[46,5,26,45,3,11,29,2,16,48,47,50,43,28,32,49]],[[17,20,13,21,35,8,9,30,15,33,36,1,6]],[[34,39,18,42,25,40,10]]] || [[24,27,38,31],[14,44,22,37,41,4],[19,7,12,23]]",
            "Num_Drone: ": 3,
            "Num_Tech: ": 3,
            "Run Time: ": 17.493,
            "Score List: ": "Level 0: 67.359034 | Level 1: -0.313279 | Level 2: -0.012290 | Post Optimization: 0.000000 | Level 0: -0.044387 | Post Optimization: 0.000000 | "
        }
    },
    "50.20.3 | Average: ": 45.137842417286684,
    "50.20.3 | Best: ": 45.137842417286684,
    "50.20.3 | STD: ": 0.0,
    "50.20.3.txt": {
        "50.20.3.txt.1": {
            "Best Score: ": 45.137842417286684,
            "Best Solution: ": "45.137842 == [[[49,17,48,30,41,19,10,16,23,29,33]],[[27,22,13,18,46,8,6,3,26,39,47,45,35]],[[15,40,32,1,38,4,50,7,24]]] || [[37,11,12,43,21],[2,28,14,31,9,34],[36,25,5,44,42,20]]",
            "Num_Drone: ": 3,
            "Num_Tech: ": 3,
            "Run Time: ": 20.451,
            "Score List: ": "Level 0: 70.126255 | Level 1: -0.271479 | Level 2: -0.110365 | Post Optimization: -0.002439 | Level 0: -0.004442 | Post Optimization: 0.000000 | "
        }
    },
    "50.20.4 | Average: ": 44.2414039208047,
    "50.20.4 | Best: ": 44.2414039208047,
    "50.20.4 | STD: ": 0.0,
    "50.20.4.txt": {
        "50.20.4.txt.1": {
            "Best Score: ": 44.2414039208047,
            "Best Solution: ": "44.241404 == [[[23,16,30,5,40,11,18,39,27,21,49,13]],[[45,1,3,20,47,42,2,9,10,28,24,33,43,25]],[[7,34,44,15,48,6,32,37,29,50,8,36]]] || [[17,26,14,35],[4,12,22,31],[46,19,41,38]]",
            "Num_Drone: ": 3,
            "Num_Tech: ": 3,
            "Run Time: ": 23.361,
            "Score List: ": "Level 0: 65.263169 | Level 1: -0.230390 | Level 2: -0.038949 | Post Optimization: 0.000000 | Level 0: -0.072235 | Post Optimization: -0.012116 | "
        }
    },
    "50.30.1 | Average: ": 72.40977128119277,
    "50.30.1 | Best: ": 72.40977128119277,
    "50.30.1 | STD: ": 0.0,
    "50.30.1.txt": {
        "50.30.1.txt.1": {
            "Best Score: ": 72.40977128119277,
            "Best Solution: ": "72.409771 == [[[43,21,15,27,36,34,14]],[[4,25,3,37,47,35,48,44,50,30,45,38,29,11,31,7]],[[32,42,46,17,39,8,5,33,2,41,26]]] || [[22,12,9,28,19,23],[6,49,16,18],[24,13,20,1,40,10]]",
            "Num_Drone: ": 3,
            "Num_Tech: ": 3,
            "Run Time: ": 23.0,
            "Score List: ": "Level 0: 83.746094 | Level 1: -0.135365 | Level 2: 0.000000 | Post Optimization: 0.000000 | Level 0: 0.000000 | Post Optimization: 0.000000 | "
        }
    },
    "50.30.2 | Average: ": 62.22929756873455,
    "50.30.2 | Best: ": 62.22929756873455,
    "50.30.2 | STD: ": 0.0,
    "50.30.2.txt": {
        "50.30.2.txt.1": {
            "Best Score: ": 62.22929756873455,
            "Best Solution: ": "62.229298 == [[[16,26,44,49,8,47,17,1,41,19,13,7,25]],[[23,45,32,10,38,36,37,12]],[[30,34,35,3,21,28,6,5,9,48,22,31]]] || [[39,50,2,43,20,33,15,4],[40,18,24,11,27],[14,46,42,29]]",
            "Num_Drone: ": 3,
            "Num_Tech: ": 3,
            "Run Time: ": 23.749,
            "Score List: ": "Level 0: 83.041599 | Level 1: -0.214727 | Level 2: -0.034707 | Post Optimization: 0.000000 | Level 0: -0.011403 | Post Optimization: 0.000000 | "
        }
    },
    "50.30.3 | Average: ": 68.33042397788857,
    "50.30.3 | Best: ": 68.33042397788857,
    "50.30.3 | STD: ": 0.0,
    "50.30.3.txt": {
        "50.30.3.txt.1": {
            "Best Score: ": 68.33042397788857,
            "Best Solution: ": "68.330424 == [[[42,11,3,10,13,26,36,7,4,9,49]],[[35,39,34,45,31,28,16,30,20,25,21]],[[46,15,8,41,48,29,6,43,12,2,22]]] || [[17,18,23,44,40,27],[24,47,19,33],[1,32,5,37,14,38,50]]",
            "Num_Drone: ": 3,
            "Num_Tech: ": 3,
            "Run Time: ": 22.609,
            "Score List: ": "Level 0: 89.324648 | Level 1: -0.221070 | Level 2: -0.017926 | Post Optimization: 0.000000 | Level 0: 0.000000 | Post Optimization: 0.000000 | "
        }
    },
    "50.30.4 | Average: ": 70.4586356390296,
    "50.30.4 | Best: ": 70.4586356390296,
    "50.30.4 | STD: ": 0.0,