{
    "50.30.1 | Average: ": 67.69339588429084,
    "50.30.1 | Best: ": 64.60876028350914,
    "50.30.1 | STD: ": 1.8532135821736415,
    "50.30.1.txt": {
        "50.30.1.txt.1": {
            "Best Score: ": 66.32709500405127,
            "Best Solution: ": "66.327095 == [[[48,35,47,37,3,16,49,1,40,18,4,25,26]],[[14,34,33,22,12,9,28,24,19,7]],[[23,2,5,8,39,17,42,46,32,27,36]]] || [[31,11,15,21,43,29],[50,44,38,45,30],[41,13,20,6,10]]",
            "Num_Drone: ": 3,
            "Num_Tech: ": 3,
            "Run Time: ": 41.028,
            "Score List: ": "Level 0: 83.746094 | Level 1: -0.090325 | Level 2: -0.049859 | Level 3: 0.000000 | Post Optimization: -0.015135 | Level 2: -0.002430 | Level 1: -0.067322 | Level 0: 0.000000 | Post Optimization: 0.000000 | "
        },
        "50.30.1.txt.10": {
            "Best Score: ": 69.23798851591724,
            "Best Solution: ": "69.237989 == [[[48,35,4,25,47,3,37,44,50,38,30,45,11,31]],[[29,15,21,43,27,36,34,33,2,23]],[[14,32,42,46,17,39,8,5,22,19,26]]] || [[12,9,28],[1,40,18,1,49,40],[41,24,13,20,6,10,7]]",
            "Num_Drone: ": 3,
            "Num_Tech: ": 3,
            "Run Time: ": 43.952,
            "Score List: ": "Level 0: 83.746094 | Level 1: -0.135680 | Level 2: -0.001886 | Level 3: -0.037279 | Post Optimization: 0.000000 | Level 2: -0.004537 | Level 1: -0.000000 | Level 0: 0.000000 | Post Optimization: 0.000000 | "
        },
        "50.30.1.txt.2": {
            "Best Score: ": 67.25760869057889,
            "Best Solution: ": "67.257609 == [[[10,6,47,3,37,16,49,1,40,25,4]],[[7,14,27,36,43,21,29,15,11,31]],[[32,42,46,17,39,8,5,34,33,2,23,26]]] || [[19,19,24,13,28,22],[30,45,38,44,50],[48,35,18,20,41]]",
            "Num_Drone: ": 3,
            "Num_Tech: ": 3,
            "Run Time: ": 39.977,
            "Score List: ": "Level 0: 83.746094 | Level 1: -0.135672 | Level 2: -0.011028 | Level 3: -0.021140 | Post Optimization: -0.027629 | Level 2: -0.012899 | Level 1: 0.000000 | Level 0: 0.000000 | Post Optimization: 0.000000 | "
        },
        "50.30.1.txt.3": {
            "Best Score: ": 66.32709500405127,
            "Best Solution: ": "66.327095 == [[[48,35,4,25,3,37,47,16,40,18]],[[14,36,27,32,42,46,17,39,8,5,34,7]],[[2,33,24,13,28,12,9,22,19,23]]] || [[15,21,43,29,31,11],[30,45,38,44,50],[41,20,49,1,6,10,26]]",
            "Num_Drone: ": 3,
            "Num_Tech: ": 3,
            "Run Time: ": 44.156,
            "Score List: ": "Level 0: 83.746094 | Level 1: -0.090325 | Level 2: 0.012860 | Level 3: -0.049885 | Post Optimization: 0.000000 | Level 2: -0.012669 | Level 1: 0.000000 | Level 0: -0.017546 | Post Optimization: -0.067305 | "
        },
        "50.30.1.txt.4": {
            "Best Score: ": 70.59694011071998,
            "Best Solution: ": "70.596940 == [[[20,1,40,47,37,3,16,49,18,4,25,26]],[[2,23,19,22,28,12,9]],[[27,36,32,42,46,17,39,8,5,33,34]]] || [[48,35,44,50,30,38,45],[14,43,21,15,29,31,11],[41,24,13,6,10,7]]",
            "Num_Drone: ": 3,
            "Num_Tech: ": 3,
            "Run Time: ": 42.881,
            "Score List: ": "Level 0: 83.746094 | Level 1: -0.118091 | Level 2: -0.030743 | Level 3: 0.009948 | Post Optimization: -0.009850 | Level 2: 0.000000 | Level 1: 0.000000 | Level 0: -0.013814 | Post Optimization: 0.000000 | "
        },
        "50.30.1.txt.5": {
            "Best Score: ": 69.23798851591724,
            "Best Solution: ": "69.237989 == [[[10,4,25,47,37,3,16,49,18,20,1,40,6]],[[34,5,8,33,39,17,32,42,46]],[[14,27,36,43,15,21,38,30,45,31,11]]] || [[12,9,28],[29,50,44,48,35,7],[23,19,2,22,24,13,41,26]]",
            "Num_Drone: ": 3,
            "Num_Tech: ": 3,
            "Run Time: ": 44.647,
            "Score List: ": "Level 0: 83.746094 | Level 1: -0.119048 | Level 2: 0.004649 | Level 3: 0.022084 | Post Optimization: -0.052070 | Level 2: 0.000000 | Level 1: -0.035838 | Level 0: 0.000000 | Post Optimization: 0.000000 | "
        },
        "50.30.1.txt.6": {
            "Best Score: ": 64.60876028350914,
            "Best Solution: ": "64.608760 == [[[50,44,47,3,37,16,49,40,1,6,10,7]],[[34,5,8,39,17,42,46,32,27,36,14]],[[19,24,13,12,9,28,22,2,33,23]]] || [[29,43,21,15,11,31],[35,48,30,38,45],[41,20,18,4,25,26]]",
            "Num_Drone: ": 3,
            "Num_Tech: ": 3,
            "Run Time: ": 42.626,
            "Score List: ": "Level 0: 83.746094 | Level 1: -0.097402 | Level 2: -0.042409 | Level 3: 0.000000 | Post Optimization: 0.000000 | Level 2: 0.000000 | Level 1: 0.000000 | Level 0: -0.104886 | Post Optimization: -0.002818 | "
        },
        "50.30.1.txt.7": {
            "Best Score: ": 69.2413279909435,
            "Best Solution: ": "69.241328 == [[[10,40,1,1,16,49,37,47,3,25,4,7]],[[35,48,44,50,30,38,45,21]],[[42,46,32,17,5,39,8,33,2,34,23]]] || [[22,12,9,28,19],[14,27,36,43,15,31,11,11],[41,24,13,20,6,26]]",
            "Num_Drone: ": 3,
            "Num_Tech: ": 3,
            "Run Time: ": 41.801,
            "Score List: ": "Level 0: 83.746094 | Level 1: -0.135680 | Level 2: 0.079190 | Level 3: -0.102785 | Post Optimization: 0.000000 | Level 2: -0.012056 | Level 1: 0.000000 | Level 0: 0.000000 | Post Optimization: 0.000000 | "
        },
        "50.30.1.txt.8": {
            "Best Score: ": 66.32709500405127,
            "Best Solution: ": "66.327095 == [[[10,6,4,25,40,18,49,16,37,3,47,48,35,7]],[[41,19,2,33,22,28,12,9,24,26]],[[36,27,32,42,46,17,39,8,5,34,23]]] || [[14,21,43,29,11,11,31],[30,45,38,44,50],[13,20,1]]",
            "Num_Drone: ": 3,
            "Num_Tech: ": 3,
            "Run Time: ": 42.332,
            "Score List: ": "Level 0: 83.746094 | Level 1: -0.135672 | Level 2: 0.000320 | Level 3: 0.046843 | Post Optimization: -0.001255 | Level 2: -0.043547 | Level 1: -0.032244 | Level 0: -0.053451 | Post Optimization: 0.000000 | "
        },
        "50.30.1.txt.9": {
            "Best Score: ": 67.77205972316871,
            "Best Solution: ": "67.772060 == [[[10,6,20,1,40,18,49,16,3,47,37,4,25,26]],[[48,35,44,30,50,38,45,15,29,29,31]],[[34,46,42,32,17,5,8,39,33,2,23,7]]] || [[19,24,28,13,41],[12,9,22],[11,15,43,27,36,14]]",
            "Num_Drone: ": 3,
            "Num_Tech: ": 3,
            "Run Time: ": 44.218,
            "Score List: ": "Level 0: 83.746094 | Level 1: -0.135680 | Level 2: 0.026660 | Level 3: 0.027164 | Post Optimization: -0.092934 | Level 2: -0.008923 | Level 1: -0.012360 | Level 0: 0.000000 | Post Optimization: 0.000000 | "
        }
    }
}
