{
    "50.30.1 | Average: ": 72.38341078043474,
    "50.30.1 | Best: ": 72.38341078043474,
    "50.30.1 | STD: ": 0.0,
    "50.30.1.txt": {
        "50.30.1.txt.1": {
            "Best Score: ": 72.38341078043474,
            "Best Solution: ": "72.383411 == [[[29,21,43,27,36,32,42,46]],[[4,25,47,37,3,35,48,50,44,38,30,45,15,11,31,7]],[[34,17,8,5,39,33,2,41,24,13,26]]] || [[19,12,9,28,22,23],[49,16,18],[20,1,40,6,10,14]]",
            "Num_Drone: ": 3,
            "Num_Tech: ": 3,
            "Run Time: ": 20.425,
            "Score List: ": "Level 0: 83.746094 | Level 1: -0.091615 | Level 2: 0.023762 | Level 3: -0.070256 | Post Optimization: 0.000000 | Level 1: -0.000364 | Level 0: 0.000000 | Post Optimization: 0.000000 | "
        }
    }
}
