{
    "50.40.4 | Average: ": 94.81676703628621,
    "50.40.4 | Best: ": 94.81676703628621,
    "50.40.4 | STD: ": 0.0,
    "50.40.4.txt": {
        "50.40.4.txt.1": {
            "Best Score: ": 94.81676703628621,
            "Best Solution: ": "94.816767 == [[[33,46],[41,38,48,34,18,8,27,17,1,14,40,26,9]],[[25,16,49,5],[47,12,42,31,43,29]],[[28,20,23,11,10,37,13,50,21]]] || [[30,3,7,39,22],[6,35,2,4,36],[44,19,24,15,32,45]]",
            "Num_Drone: ": 3,
            "Num_Tech: ": 3,
            "Run Time: ": 18.827,
            "Score List: ": "Level 0: 134.312759 | Level 1: -0.215391 | Level 2: 0.005010 | Level 3: -0.084822 | Post Optimization: -0.009862 | Level 1: -0.012032 | Level 0: 0.000000 | Post Optimization: 0.000000 | "
        }
    }
}
