{
    "50.30.1 | Average: ": 69.23798851591724,
    "50.30.1 | Best: ": 69.23798851591724,
    "50.30.1 | STD: ": 0.0,
    "50.30.1.txt": {
        "50.30.1.txt.1": {
            "Best Score: ": 69.23798851591724,
            "Best Solution: ": "69.237989 == [[[10,6,20,1,40,18,3,37,47,16,49]],[[44,50,30,45,38,15,21,43,29,14]],[[27,36,32,42,46,17,39,8,5,33,2,23]]] || [[12,9,28],[4,25,35,48,11,31,7],[34,19,22,24,13,41,26]]",
            "Num_Drone: ": 3,
            "Num_Tech: ": 3,
            "Run Time: ": 24.845,
            "Score List: ": "Level 0: 83.746094 | Level 1: -0.135365 | Level 2: 0.040697 | Level 3: -0.081151 | Level 4: 0.012204 | Level 5: -0.012104 | Level 6: 0.000000 | Post Optimization: 0.000000 | Level 4: 0.000000 | Level 3: 0.000000 | Level 2: 0.000000 | Level 1: -0.000000 | Level 0: 0.000000 | Post Optimization: 0.000000 | ",
            "num level": 6
        }
    }
}
