{
    "20.20.1 | Average: ": 39.40074398723549,
    "20.20.1 | Best: ": 39.40074398723549,
    "20.20.1 | STD: ": 0.0,
    "20.20.1.txt": {
        "20.20.1.txt.1": {
            "Best Score: ": 39.40074398723549,
            "Best Solution: ": "39.400744 == [[[5,18,13,20,8,14,15,12]],[[7,16,6,11,4,3,19]]] || [[2,1,9],[10,17]]",
            "Num_Drone: ": 2,
            "Num_Tech: ": 2,
            "Run Time: ": 1.568,
            "Score List: ": "Level 0: 62.680708 | Level 1: -0.304653 | Level 2: -0.054690 | Level 3: 0.117396 | Post Optimization: -0.053286 | Level 2: -0.054690 | Level 1: -0.005303 | Level 0: -0.038600 | Post Optimization: 0.000000 | "
        },
        "20.20.1.txt.2": {
            "Best Score: ": 39.40074398723549,
            "Best Solution: ": "39.400744 == [[[5,18,13,20,8,14,15,12]],[[7,16,6,11,4,3,19]]] || [[2,1,9],[10,17]]",
            "Num_Drone: ": 2,
            "Num_Tech: ": 2,
            "Run Time: ": 1.533,
            "Score List: ": "Level 0: 62.680708 | Level 1: -0.304653 | Level 2: -0.054690 | Level 3: 0.117396 | Post Optimization: -0.053286 | Level 2: -0.054690 | Level 1: -0.005303 | Level 0: -0.038600 | Post Optimization: 0.000000 | "
        },
        "20.20.1.txt.3": {
            "Best Score: ": 39.40074398723549,
            "Best Solution: ": "39.400744 == [[[5,18,13,20,8,14,15,12]],[[7,16,6,11,4,3,19]]] || [[2,1,9],[10,17]]",
            "Num_Drone: ": 2,
            "Num_Tech: ": 2,
            "Run Time: ": 1.554,
            "Score List: ": "Level 0: 62.680708 | Level 1: -0.304653 | Level 2: -0.054690 | Level 3: 0.117396 | Post Optimization: -0.053286 | Level 2: -0.054690 | Level 1: -0.005303 | Level 0: -0.038600 | Post Optimization: 0.000000 | "
        },
        "20.20.1.txt.4": {
            "Best Score: ": 39.40074398723549,
            "Best Solution: ": "39.400744 == [[[5,18,13,20,8,14,15,12]],[[7,16,6,11,4,3,19]]] || [[2,1,9],[10,17]]",
            "Num_Drone: ": 2,
            "Num_Tech: ": 2,
            "Run Time: ": 1.518,
            "Score List: ": "Level 0: 62.680708 | Level 1: -0.304653 | Level 2: -0.054690 | Level 3: 0.117396 | Post Optimization: -0.053286 | Level 2: -0.054690 | Level 1: -0.005303 | Level 0: -0.038600 | Post Optimization: 0.000000 | "
        },
        "20.20.1.txt.5": {
            "Best Score: ": 39.40074398723549,
            "Best Solution: ": "39.400744 == [[[5,18,13,20,8,14,15,12]],[[7,16,6,11,4,3,19]]] || [[2,1,9],[10,17]]",
            "Num_Drone: ": 2,
            "Num_Tech: ": 2,
            "Run Time: ": 1.555,
            "Score List: ": "Level 0: 62.680708 | Level 1: -0.304653 | Level 2: -0.054690 | Level 3: 0.117396 | Post Optimization: -0.053286 | Level 2: -0.054690 | Level 1: -0.005303 | Level 0: -0.038600 | Post Optimization: 0.000000 | "
        }
    }
}
