{
    "50.10.1 | Average: ": 22.578052946134413,
    "50.10.1 | Best: ": 21.244120516650565,
    "50.10.1 | STD: ": 0.6811709148377245,
    "50.10.1.txt": {
        "50.10.1.txt.1": {
            "Best Score: ": 23.54274127255882,
            "Best Solution: ": "23.542741 == [[[32,23,44,36,29,45,26,37,39,5,31]],[[24,14,21,15,35,28,11,12,20]],[[9,49,25,27,13,4,47,42,50,3,10,30,22]]] || [[8,48,1,41,48,1,41],[40,16,34,2,43,38,46],[18,6,33,7]]",
            "Num_Drone: ": 3,
            "Num_Tech: ": 3,
            "Run Time: ": 18.832,
            "Score List: ": "Level 0: 38.076377 | Level 1: -0.063437 | Level 2: -0.256378 | Level 3: -0.013907 | Post Optimization: -0.049164 | Level 2: 0.000000 | Level 1: -0.053134 | Level 0: -0.000000 | Post Optimization: 0.000000 | "
        },
        "50.10.1.txt.10": {
            "Best Score: ": 22.292147241051005,
            "Best Solution: ": "22.292147 == [[[41,1,29,45,26,37,36,39,23,44,5,31,40]],[[12,11,20,18,6,33,7,32]],[[10,30,22,3,42,50,24,14,21,35,28,15]]] || [[4,47,13,25,27],[2,43,34,16,38,46],[8,9,49,17,19,48]]",
            "Num_Drone: ": 3,
            "Num_Tech: ": 3,
            "Run Time: ": 18.0,
            "Score List: ": "Level 0: 38.076377 | Level 1: -0.063437 | Level 2: -0.169738 | Level 3: 0.003574 | Post Optimization: -0.163826 | Level 2: -0.057059 | Level 1: -0.022272 | Level 0: -0.026814 | Post Optimization: 0.000000 | "
        },
        "50.10.1.txt.2": {
            "Best Score: ": 22.918311762465457,
            "Best Solution: ": "22.918312 == [[[2,43,38,46,23,44,39,37,32,31,5]],[[50,3,42,24,14,25,49,17,19,48,41]],[[30,21,15,35,28,12,11,18,20,16]]] || [[1,29,36,45,26,40],[6,33,7,34],[10,22,47,27,13,4,9,8]]",
            "Num_Drone: ": 3,
            "Num_Tech: ": 3,
            "Run Time: ": 19.27,
            "Score List: ": "Level 0: 38.076377 | Level 1: -0.063437 | Level 2: -0.128196 | Level 3: -0.143083 | Post Optimization: -0.095339 | Level 2: -0.008156 | Level 1: -0.035781 | Level 0: -0.004269 | Post Optimization: -0.001414 | "
        },
        "50.10.1.txt.3": {
            "Best Score: ": 22.292147241051005,
            "Best Solution: ": "22.292147 == [[[29,36,45,26,37,39,38,46,32,5,31]],[[12,11,20,18,6,33,7,34,16,2,43]],[[10,30,22,24,14,21,35,28,15,42,50,3]]] || [[8,9,49,17,19,41],[48,1,23,44,40],[4,47,13,25,27]]",
            "Num_Drone: ": 3,
            "Num_Tech: ": 3,
            "Run Time: ": 18.724,
            "Score List: ": "Level 0: 38.076377 | Level 1: -0.063437 | Level 2: -0.128196 | Level 3: -0.219845 | Post Optimization: -0.042481 | Level 2: -0.037145 | Level 1: -0.003101 | Level 0: 0.000000 | Post Optimization: 0.000000 | "
        },
        "50.10.1.txt.4": {
            "Best Score: ": 23.502693063438613,
            "Best Solution: ": "23.502693 == [[[44,23,39,26,37,45,36,29,1,8]],[[40,31,5,32,38,46,43,34,16,20,6,33,7,2]],[[41,48,19,17,49,27,13,47,4,25]]] || [[10,35,15,21],[30,22,9,24,14,42,50,3],[28,12,11,18]]",
            "Num_Drone: ": 3,
            "Num_Tech: ": 3,
            "Run Time: ": 18.444,
            "Score List: ": "Level 0: 38.076377 | Level 1: -0.063437 | Level 2: -0.248865 | Level 3: 0.091588 | Post Optimization: -0.175161 | Level 2: -0.015495 | Level 1: -0.009096 | Level 0: -0.001082 | Post Optimization: 0.000000 | "
        },
        "50.10.1.txt.5": {
            "Best Score: ": 22.973249871418897,
            "Best Solution: ": "22.973250 == [[[48,29,26,36,45,37,39,40,10]],[[12,11,20,18,6,33,7,34,2,43,16]],[[8,3,14,24,35,28,15,21,42,50]]] || [[25,49,17,19],[30,22,47,4,13,27,9,41],[1,5,31,32,23,44,38,46]]",
            "Num_Drone: ": 3,
            "Num_Tech: ": 3,
            "Run Time: ": 18.647,
            "Score List: ": "Level 0: 38.076377 | Level 1: -0.063437 | Level 2: -0.121730 | Level 3: -0.033936 | Post Optimization: -0.195101 | Level 2: -0.004464 | Level 1: -0.052445 | Level 0: -0.000017 | Post Optimization: 0.000000 | "
        },
        "50.10.1.txt.6": {
            "Best Score: ": 22.361485625829392,
            "Best Solution: ": "22.361486 == [[[30,22,50,42,24,14,3,21,35,15,28]],[[10,12,11,18,6,7,20,33,34]],[[1,29,45,36,26,37,39,23,44,32,5,31]]] || [[4,47,13,25,27,9],[8,16,2,43,38,46,40],[41,49,17,19,48]]",
            "Num_Drone: ": 3,
            "Num_Tech: ": 3,
            "Run Time: ": 19.237,
            "Score List: ": "Level 0: 38.076377 | Level 1: -0.063437 | Level 2: -0.128196 | Level 3: -0.055262 | Post Optimization: -0.182236 | Level 2: 0.000000 | Level 1: -0.069000 | Level 0: 0.000000 | Post Optimization: 0.000000 | "
        },
        "50.10.1.txt.7": {
            "Best Score: ": 22.292147241051005,
            "Best Solution: ": "22.292147 == [[[5,39,36,26,37,45,29,1,31,40]],[[18,6,33,7,2,43,38,46,23,44,32]],[[10,22,30,35,28,15,21,24,14,42,50,3]]] || [[34,16,20,11,12],[4,47,13,25,27],[41,48,19,17,49,9,8]]",
            "Num_Drone: ": 3,
            "Num_Tech: ": 3,
            "Run Time: ": 18.29,
            "Score List: ": "Level 0: 38.076377 | Level 1: -0.063437 | Level 2: -0.128196 | Level 3: -0.081358 | Post Optimization: -0.197164 | Level 2: -0.020352 | Level 1: -0.004488 | Level 0: -0.003101 | Post Optimization: 0.000000 | "
        },
        "50.10.1.txt.8": {
            "Best Score: ": 22.361485625829392,
            "Best Solution: ": "22.361486 == [[[8,22,3,50,24,42,14,21,35,15,28,30,10]],[[43,38,46,23,44,39,37,26,45,29,1]],[[16,20,34,2,7,33,6,18,11,12]]] || [[4,47,13,25,27,9],[41,49,17,19,48],[32,5,31,36,40]]",
            "Num_Drone: ": 3,
            "Num_Tech: ": 3,
            "Run Time: ": 18.748,
            "Score List: ": "Level 0: 38.076377 | Level 1: -0.063437 | Level 2: -0.128196 | Level 3: 0.030949 | Post Optimization: -0.234025 | Level 2: -0.067557 | Level 1: -0.021657 | Level 0: -0.001555 | Post Optimization: 0.000000 | "
        },
        "50.10.1.txt.9": {
            "Best Score: ": 21.244120516650565,
            "Best Solution: ": "21.244121 == [[[9,4,47,13,27,25,49,17,19,48,41]],[[30,22,28,35,15,21,14,24,42,3,50,10]],[[1,29,45,36,26,37,39,5,32,31,8]]] || [[34,7,33],[40,23,44,38,46,2,43],[12,11,18,6,20,16]]",
            "Num_Drone: ": 3,
            "Num_Tech: ": 3,
            "Run Time: ": 17.222,
            "Score List: ": "Level 0: 38.076377 | Level 1: -0.063437 | Level 2: -0.330633 | Level 3: -0.037797 | Post Optimization: -0.031010 | Level 2: 0.000000 | Level 1: -0.014425 | Level 0: -0.031486 | Post Optimization: 0.000000 | "
        }
    }
}
