{
    "50.40.4 | Average: ": 113.19283500457566,
    "50.40.4 | Best: ": 95.97145759133963,
    "50.40.4 | STD: ": 15.850524428220934,
    "50.40.4.txt": {
        "50.40.4.txt.1": {
            "Best Score: ": 125.66071770852999,
            "Best Solution: ": "125.660718 == [[[47,1,14,41,15,32,45],[43,12,42,31,17,27,8,40]],[[10,37,21,50,13],[26,38,34,18,48,9]],[[24,19,44,28,20,23,11,5,49,16,25]]] || [[4,36,2,33],[6,35,46],[30,3,7,39,22,29]]",
            "Num_Drone: ": 3,
            "Num_Tech: ": 3,
            "Run Time: ": 6.492,
            "Score List: ": "Level 0: 134.312759 | Level 1: -0.024923 | Level 2: 0.032235 | Level 3: 0.000000 | Post Optimization: -0.013612 | Level 2: 0.000000 | Level 1: 0.000000 | Level 0: -0.000527 | Post Optimization: -0.057143 | "
        },
        "50.40.4.txt.10": {
            "Best Score: ": 95.97145759133963,
            "Best Solution: ": "95.971458 == [[[9,38,34,48,41,15,32,45],[43,12,42,31,47]],[[21,33,46],[40,14,1,17,27,8,18,26]],[[24,19,44,28,20,23,11,5,49,16,25]]] || [[6,35,2,4,36],[10,37,13,50],[30,3,7,39,22,29]]",
            "Num_Drone: ": 3,
            "Num_Tech: ": 3,
            "Run Time: ": 6.312,
            "Score List: ": "Level 0: 134.312759 | Level 1: -0.005033 | Level 2: 0.003460 | Level 3: 0.027603 | Post Optimization: -0.125797 | Level 2: -0.024050 | Level 1: -0.005402 | Level 0: 0.000000 | Post Optimization: -0.179265 | "
        },
        "50.40.4.txt.2": {
            "Best Score: ": 122.35158258623018,
            "Best Solution: ": "122.351583 == [[[17,27,8,18,15,32,45],[43,12,42,31]],[[10,37,4,36,21,50,33],[47,1,14,40,26,9,38,34,48,41]],[[24,19,44,28,20,23,11,5,49,16,25]]] || [[2,13],[6,35,46],[30,3,7,39,22,29]]",
            "Num_Drone: ": 3,
            "Num_Tech: ": 3,
            "Run Time: ": 6.882,
            "Score List: ": "Level 0: 134.312759 | Level 1: -0.005033 | Level 2: 0.004816 | Level 3: 0.000000 | Post Optimization: 0.000000 | Level 2: -0.008955 | Level 1: -0.034707 | Level 0: -0.016709 | Post Optimization: -0.031358 | "
        },
        "50.40.4.txt.3": {
            "Best Score: ": 133.01595835782024,
            "Best Solution: ": "133.015958 == [[[9,38,48,41,18,15,32,45],[43,47,1,17,27,8,34]],[[44,24,19,28,20,23,11,5,49,25,16],[12,42,31,14,40,26]],[[10,37,21,50,13]]] || [[4,36,2],[6,35,46,33],[30,3,7,39,22,29]]",
            "Num_Drone: ": 3,
            "Num_Tech: ": 3,
            "Run Time: ": 6.357,
            "Score List: ": "Level 0: 134.312759 | Level 1: -0.013430 | Level 2: 0.013652 | Level 3: -0.004622 | Post Optimization: 0.000000 | Level 2: -0.000000 | Level 1: 0.000000 | Level 0: -0.000425 | Post Optimization: -0.004672 | "
        },
        "50.40.4.txt.4": {
            "Best Score: ": 95.97145759133963,
            "Best Solution: ": "95.971458 == [[[46,33],[47,1,43,12,42,31,27,17,14,40,26]],[[21,50,13,37,10],[38,34,48,41,9]],[[44,24,19,28,20,23,11,5,49,25,16]]] || [[8,18,15,32,45],[6,35,2,4,36],[30,3,7,39,22,29]]",
            "Num_Drone: ": 3,
            "Num_Tech: ": 3,
            "Run Time: ": 6.193,
            "Score List: ": "Level 0: 134.312759 | Level 1: -0.013430 | Level 2: -0.007442 | Level 3: -0.040302 | Post Optimization: -0.239662 | Level 2: 0.000000 | Level 1: 0.000000 | Level 0: 0.000000 | Post Optimization: -0.000000 | "
        },
        "50.40.4.txt.5": {
            "Best Score: ": 132.24152035904282,
            "Best Solution: ": "132.241520 == [[[9,38,34,48,41,18,15,32,45],[27,8,47,1,17,14,40,26]],[[44,24,19,28,20,23,11,5,49,25,16],[43,12,42,31]],[[10,37,21,50,13]]] || [[4,36,2],[6,35,46,33],[30,3,7,39,22,29]]",
            "Num_Drone: ": 3,
            "Num_Tech: ": 3,
            "Run Time: ": 6.294,
            "Score List: ": "Level 0: 134.312759 | Level 1: -0.013430 | Level 2: 0.000000 | Level 3: 0.000000 | Post Optimization: -0.002019 | Level 2: -0.000000 | Level 1: 0.000000 | Level 0: 0.000000 | Post Optimization: 0.000000 | "
        },
        "50.40.4.txt.6": {
            "Best Score: ": 100.2222343346364,
            "Best Solution: ": "100.222234 == [[[21,50,4,36],[43,12,42,31,14,40,26]],[[47,1,17,27,8,18,34,48],[9,38,41,15,32,45]],[[24,19,44,28,20,23,11,5,49,16,25]]] || [[10,37,13,33],[2,6,35,46],[30,3,7,39,22,29]]",
            "Num_Drone: ": 3,
            "Num_Tech: ": 3,
            "Run Time: ": 6.158,
            "Score List: ": "Level 0: 134.312759 | Level 1: -0.015377 | Level 2: 0.015656 | Level 3: -0.006084 | Post Optimization: -0.179116 | Level 2: -0.011715 | Level 1: -0.057831 | Level 0: 0.000000 | Post Optimization: -0.017828 | "
        },
        "50.40.4.txt.7": {
            "Best Score: ": 100.2222343346364,
            "Best Solution: ": "100.222234 == [[[21,50,4,36],[43,12,42,31,14,40,26]],[[47,1,17,27,8,18,34,48],[9,38,41,15,32,45]],[[24,19,44,28,20,23,11,5,49,16,25]]] || [[10,37,13,33],[2,6,35,46],[30,3,7,39,22,29]]",
            "Num_Drone: ": 3,
            "Num_Tech: ": 3,
            "Run Time: ": 6.126,
            "Score List: ": "Level 0: 134.312759 | Level 1: -0.015377 | Level 2: 0.015656 | Level 3: -0.006084 | Post Optimization: -0.179116 | Level 2: -0.011715 | Level 1: -0.057831 | Level 0: -0.003084 | Post Optimization: -0.014790 | "
        },
        "50.40.4.txt.8": {
            "Best Score: ": 126.10443192758133,
            "Best Solution: ": "126.104432 == [[[47,1,14,48,41,15,32,45],[43,12,42,31,17,27,8]],[[10,37,21,50,13],[9,38,34,18,40,26]],[[24,19,44,28,20,23,11,5,49,16,25]]] || [[4,36,2,33],[6,35,46],[30,3,7,39,22,29]]",
            "Num_Drone: ": 3,
            "Num_Tech: ": 3,
            "Run Time: ": 6.452,
            "Score List: ": "Level 0: 134.312759 | Level 1: -0.024923 | Level 2: 0.032235 | Level 3: 0.000000 | Post Optimization: -0.013612 | Level 2: 0.000000 | Level 1: 0.000000 | Level 0: -0.000527 | Post Optimization: -0.053814 | "
        },
        "50.40.4.txt.9": {
            "Best Score: ": 100.16675525459985,
            "Best Solution: ": "100.166755 == [[[1,17,27,8,18],[10]],[[21,50,37,13,4,36,33],[9,38,34,48,41,15,32,45]],[[24,19,44,28,20,23,11,5,49,16,25]]] || [[43,12,42,31,47,14,40,26],[6,35,2,46],[30,3,7,39,22,29]]",
            "Num_Drone: ": 3,
            "Num_Tech: ": 3,
            "Run Time: ": 6.156,
            "Score List: ": "Level 0: 134.312759 | Level 1: -0.015377 | Level 2: 0.015656 | Level 3: -0.006084 | Post Optimization: -0.150326 | Level 2: -0.000000 | Level 1: 0.000000 | Level 0: 0.000000 | Post Optimization: -0.116946 | "
        }
    }
}
