{
    "50.10.1 | Average: ": 22.973249871418897,
    "50.10.1 | Best: ": 22.973249871418897,
    "50.10.1 | STD: ": 0.0,
    "50.10.1.txt": {
        "50.10.1.txt.1": {
            "Best Score: ": 22.973249871418897,
            "Best Solution: ": "22.973250 == [[[45,36,26,39,37,29,48,1,41]],[[10,3,50,42,24,14,15,28,11,20,16]],[[8,30,22,21,35,12,18,6,33,7,34]]] || [[9,27,4,13,47],[2,43,46,38,44,23,31,5,32,40],[19,17,49,25]]",
            "Num_Drone: ": 3,
            "Num_Tech: ": 3,
            "Run Time: ": 21.472,
            "Score List: ": "Level 0: 38.076377 | Level 1: -0.349842 | Level 2: -0.072001 | Level 3: 0.000000 | Post Optimization: 0.000000 | Level 1: 0.000000 | Level 0: 0.000000 | Post Optimization: 0.000000 | "
        }
    },
    "50.10.2 | Average: ": 23.853784506403887,
    "50.10.2 | Best: ": 23.853784506403887,
    "50.10.2 | STD: ": 0.0,
    "50.10.2.txt": {
        "50.10.2.txt.1": {
            "Best Score: ": 23.853784506403887,
            "Best Solution: ": "23.853785 == [[[2,8,33,24,39,7,32,15,46,49,20,11]],[[9,43,10,42,45,50,37,5,16,29,34]],[[36,27,1,12,41,6,25,28,17]]] || [[38,30,3,18,22],[47,4,21,13,14,44,23,19,31],[48,40,35,26]]",
            "Num_Drone: ": 3,
            "Num_Tech: ": 3,
            "Run Time: ": 21.56,
            "Score List: ": "Level 0: 36.831386 | Level 1: -0.349994 | Level 2: 0.038444 | Level 3: -0.040514 | Post Optimization: 0.000000 | Level 1: 0.000000 | Level 0: 0.000000 | Post Optimization: 0.000000 | "
        }
    },
    "50.10.3 | Average: ": 22.483287044971767,
    "50.10.3 | Best: ": 22.483287044971767,
    "50.10.3 | STD: ": 0.0,
    "50.10.3.txt": {
        "50.10.3.txt.1": {
            "Best Score: ": 22.483287044971767,
            "Best Solution: ": "22.483287 == [[[46,8,22,21,1,24,27,48,42,39,18,6]],[[49,11,9,50,31,45,34,28,7]],[[47,17,16,13,41,43,38,26]]] || [[10,35,33,37,25,23],[19,5,30,14,29,15,20],[3,44,12,4,36,2,40,32]]",
            "Num_Drone: ": 3,
            "Num_Tech: ": 3,
            "Run Time: ": 28.681,
            "Score List: ": "Level 0: 42.387961 | Level 1: -0.469583 | Level 2: 0.095852 | Level 3: -0.083825 | Post Optimization: 0.000000 | Level 1: -0.003977 | Level 0: 0.000000 | Post Optimization: 0.000000 | "
        }
    },
    "50.10.4 | Average: ": 21.519800156753888,
    "50.10.4 | Best: ": 21.519800156753888,
    "50.10.4 | STD: ": 0.0,
    "50.10.4.txt": {
        "50.10.4.txt.1": {
            "Best Score: ": 21.519800156753888,
            "Best Solution: ": "21.519800 == [[[47,27,26,50,8,7,43,18,24,20]],[[13,4,45,44,23,42,49,17,12,40,35,11,22]],[[32,30,25,37,31,1,34,16,39]]] || [[46,48,2,21,36,14,38],[15,28,3,9,19,5,41],[10,6,29,33]]",
            "Num_Drone: ": 3,
            "Num_Tech: ": 3,
            "Run Time: ": 23.49,
            "Score List: ": "Level 0: 30.170329 | Level 1: -0.258629 | Level 2: 0.025351 | Level 3: -0.050515 | Post Optimization: 0.000000 | Level 1: -0.011761 | Level 0: 0.000000 | Post Optimization: 0.000000 | "
        }
    },
    "50.20.1 | Average: ": 40.69271123071474,
    "50.20.1 | Best: ": 40.69271123071474,
    "50.20.1 | STD: ": 0.0,
    "50.20.1.txt": {
        "50.20.1.txt.1": {
            "Best Score: ": 40.69271123071474,
            "Best Solution: ": "40.692711 == [[[15,20,48,46,38,44,4,28,35,16,50,36,30,25,24]],[[26,34,27,43,10,42,8,45,39]],[[41,12,19,29,2,9,11,21,23,17]]] || [[18,13,33,3,40],[47,1,22,7,31],[32,14,6,37,5,49]]",
            "Num_Drone: ": 3,
            "Num_Tech: ": 3,
            "Run Time: ": 28.613,
            "Score List: ": "Level 0: 59.314033 | Level 1: -0.221407 | Level 2: -0.034701 | Level 3: -0.029950 | Post Optimization: 0.000000 | Level 1: -0.021513 | Level 0: -0.032138 | Post Optimization: -0.006371 | "
        }
    },
    "50.20.2 | Average: ": 42.556504561304834,
    "50.20.2 | Best: ": 42.556504561304834,
    "50.20.2 | STD: ": 0.0,
    "50.20.2.txt": {
        "50.20.2.txt.1": {
            "Best Score: ": 42.556504561304834,
            "Best Solution: ": "42.556505 == [[[38,7,40,25,18,42]],[[3,11,45,26,5,27,24,19]],[[39,44,41,20,13,21,8,9,30,15,35,1,6]]] || [[28,50,29,2,16,33,36,48,47,43],[17,37,22],[46,31,10,23,12,14,4,34,32,49]]",
            "Num_Drone: ": 3,
            "Num_Tech: ": 3,
            "Run Time: ": 27.069,
            "Score List: ": "Level 0: 67.359034 | Level 1: -0.313279 | Level 2: -0.012290 | Level 3: -0.054486 | Post Optimization: 0.000000 | Level 1: 0.000000 | Level 0: -0.014873 | Post Optimization: 0.000000 | "
        }
    },
    "50.20.3 | Average: ": 45.066839946248066,
    "50.20.3 | Best: ": 45.066839946248066,
    "50.20.3 | STD: ": 0.0,
    "50.20.3.txt": {
        "50.20.3.txt.1": {
            "Best Score: ": 45.066839946248066,
            "Best Solution: ": "45.066840 == [[[27,22,13,18,46,8,6,3,26,39,47,45,35]],[[49,17,48,30,41,19,10,16,23,29,33]],[[15,50,1,40,32,38,4,7,24,21,36]]] || [[37,11,12,43],[2,28,14,31,9,34],[25,5,44,42,20]]",
            "Num_Drone: ": 3,
            "Num_Tech: ": 3,
            "Run Time: ": 28.939,
            "Score List: ": "Level 0: 70.126255 | Level 1: -0.271479 | Level 2: -0.096689 | Level 3: -0.017542 | Post Optimization: 0.000000 | Level 1: 0.000000 | Level 0: -0.006008 | Post Optimization: 0.000000 | "
        }
    },
    "50.20.4 | Average: ": 44.4678545242014,
    "50.20.4 | Best: ": 44.4678545242014,
    "50.20.4 | STD: ": 0.0,
    "50.20.4.txt": {
        "50.20.4.txt.1": {
            "Best Score: ": 44.4678545242014,
            "Best Solution: ": "44.467855 == [[[16,23,30,5,40,11,18,39,27,49,21,13]],[[36,1,3,20,47,42,2,9,10,28,24,33,43,45]],[[4,7,44,15,48,6,29,37,32,50,8]]] || [[26,19,41,38,25],[31,22,12,34],[17,46,14,35]]",
            "Num_Drone: ": 3,
            "Num_Tech: ": 3,
            "Run Time: ": 31.441,
            "Score List: ": "Level 0: 65.263169 | Level 1: -0.230390 | Level 2: -0.038949 | Level 3: 0.000000 | Post Optimization: 0.000000 | Level 1: 0.000000 | Level 0: -0.072235 | Post Optimization: -0.007059 | "
        }
    },
    "50.30.1 | Average: ": 69.23798851591724,
    "50.30.1 | Best: ": 69.23798851591724,
    "50.30.1 | STD: ": 0.0,
    "50.30.1.txt": {
        "50.30.1.txt.1": {
            "Best Score: ": 69.23798851591724,
            "Best Solution: ": "69.237989 == [[[6,1,40,49,18,3,37,47,16,10]],[[44,50,30,45,38,15,21,43,29,14]],[[27,36,32,42,46,17,39,8,5,34,26]]] || [[19,22,24,13,33,2,23],[41,20,4,25,35,48,11,31,7],[12,9,28]]",
            "Num_Drone: ": 3,
            "Num_Tech: ": 3,
            "Run Time: ": 24.771,
            "Score List: ": "Level 0: 83.746094 | Level 1: -0.135365 | Level 2: 0.040697 | Level 3: -0.051447 | Post Optimization: -0.031315 | Level 1: -0.000048 | Level 0: 0.000000 | Post Optimization: 0.000000 | "
        }
    },
    "50.30.2 | Average: ": 62.22929756873455,
    "50.30.2 | Best: ": 62.22929756873455,
    "50.30.2 | STD: ": 0.0,
    "50.30.2.txt": {
        "50.30.2.txt.1": {
            "Best Score: ": 62.22929756873455,
            "Best Solution: ": "62.229298 == [[[16,26,49,44,14,46,4,27,29,25]],[[23,45,32,10,38,36,37,12]],[[30,34,35,3,21,28,6,5,9,48,22,39,50]]] || [[31,2,43,20,33,15,42],[40,18,24,11],[17,47,8,1,13,41,19,7]]",
            "Num_Drone: ": 3,
            "Num_Tech: ": 3,
            "Run Time: ": 24.754,
            "Score List: ": "Level 0: 83.041599 | Level 1: -0.214727 | Level 2: -0.028496 | Level 3: 0.000000 | Post Optimization: 0.000000 | Level 1: -0.006392 | Level 0: -0.011403 | Post Optimization: 0.000000 | "
        }
    },
    "50.30.3 | Average: ": 68.33042397788857,
    "50.30.3 | Best: ": 68.33042397788857,
    "50.30.3 | STD: ": 0.0,
    "50.30.3.txt": {
        "50.30.3.txt.1": {
            "Best Score: ": 68.33042397788857,
            "Best Solution: ": "68.330424 == [[[42,11,3,36,10,13,26,7,4,9,49]],[[35,39,34,45,31,28,30,16,20,25,21]],[[46,15,8,41,48,29,6,43,12,2,22]]] || [[17,18,23,44,40,27],[24,47,19,33],[1,32,5,37,14,38,50]]",
            "Num_Drone: ": 3,