{
    "50.30.1 | Average: ": 67.77205972316871,
    "50.30.1 | Best: ": 67.77205972316871,
    "50.30.1 | STD: ": 0.0,
    "50.30.1.txt": {
        "50.30.1.txt.1": {
            "Best Score: ": 67.77205972316871,
            "Best Solution: ": "67.772060 == [[[20,1,40,18,49,16,3,37,47,4,25,6,10]],[[21,38,45,30,44,50,35,48,7]],[[34,46,42,32,17,39,8,5,33,2,23]]] || [[22,9,12],[11,31,15,29,43,27,36,14],[19,24,28,13,41,26]]",
            "Num_Drone: ": 3,
            "Num_Tech: ": 3,
            "Run Time: ": 25.74,
            "Score List: ": "Level 0: 83.746094 | Level 1: -0.136347 | Level 2: -0.030987 | Level 3: -0.012104 | Level 4: -0.001412 | Post Optimization: -0.007521 | Level 2: 0.000000 | Level 1: -0.012361 | Level 0: 0.000000 | Post Optimization: 0.000000 | "
        }
    }
}
