{
    "50.10.1 | Average: ": 21.948138969038492,
    "50.10.1 | Best: ": 21.948138969038492,
    "50.10.1 | STD: ": 0.0,
    "50.10.1.txt": {
        "50.10.1.txt.1": {
            "Best Score: ": 21.948138969038492,
            "Best Solution: ": "21.948139 == [[[10,8,30,22,3,50,42,24,14,21,15,35,28,12]],[[41,29,45,36,26,37,39,44,23,46,38,32]],[[16,11,18,6,20,33,7,34,2,43]]] || [[27,4,13,47,9],[49,25],[19,17,48,1,31,5,40]]",
            "Num_Drone: ": 3,
            "Num_Tech: ": 3,
            "Run Time: ": 24.412,
            "Score List: ": "Level 0: 38.076377 | Level 1: -0.349842 | Level 2: -0.072001 | Level 3: 0.029041 | Level 4: -0.065953 | Post Optimization: 0.000000 | Level 2: -0.001003 | Level 1: -0.005030 | Level 0: 0.000000 | Post Optimization: 0.000000 | "
        }
    },
    "50.10.2 | Average: ": 23.853784506403887,
    "50.10.2 | Best: ": 23.853784506403887,
    "50.10.2 | STD: ": 0.0,
    "50.10.2.txt": {
        "50.10.2.txt.1": {
            "Best Score: ": 23.853784506403887,
            "Best Solution: ": "23.853785 == [[[2,8,33,24,39,7,32,15,46,49,20]],[[9,43,10,42,45,50,37,5,16,25]],[[36,27,1,12,41,6,29,34,11,28,17]]] || [[3,18,30,38,22],[4,21,13,14,44,23,19,31,47],[48,40,35,26]]",
            "Num_Drone: ": 3,
            "Num_Tech: ": 3,
            "Run Time: ": 26.55,
            "Score List: ": "Level 0: 36.831386 | Level 1: -0.349994 | Level 2: 0.038444 | Level 3: -0.025746 | Level 4: -0.015158 | Post Optimization: 0.000000 | Level 2: -0.000000 | Level 1: 0.000000 | Level 0: 0.000000 | Post Optimization: 0.000000 | "
        }
    },
    "50.10.3 | Average: ": 22.425702694408457,
    "50.10.3 | Best: ": 22.425702694408457,
    "50.10.3 | STD: ": 0.0,
    "50.10.3.txt": {
        "50.10.3.txt.1": {
            "Best Score: ": 22.425702694408457,
            "Best Solution: ": "22.425703 == [[[44,3,50,31,11,9,45,28,34,49,26]],[[22,21,1,24,48,27,42,39,18,35]],[[46,19,20,16,13,41,43,38,7,17]]] || [[10,33,37,25,23,6],[8,5,30,14,29,15,47],[2,12,4,36,40,32]]",
            "Num_Drone: ": 3,
            "Num_Tech: ": 3,
            "Run Time: ": 30.102,
            "Score List: ": "Level 0: 42.387961 | Level 1: -0.469583 | Level 2: 0.095852 | Level 3: -0.033531 | Level 4: -0.014107 | Post Optimization: 0.000000 | Level 2: -0.038474 | Level 1: -0.003977 | Level 0: -0.002561 | Post Optimization: 0.000000 | "
        }
    },
    "50.10.4 | Average: ": 21.715452332247107,
    "50.10.4 | Best: ": 21.715452332247107,
    "50.10.4 | STD: ": 0.0,
    "50.10.4.txt": {
        "50.10.4.txt.1": {
            "Best Score: ": 21.715452332247107,
            "Best Solution: ": "21.715452 == [[[46,4,33,29,10,6,21,36,14,2,48]],[[15,28,3,8,7,50,26,43,18,27,47,24,20]],[[32,30,25,37,31,1,34,16,39,38]]] || [[22,44,23,40,49,17,35,11],[12,41,5,19,9],[13,45,42]]",
            "Num_Drone: ": 3,
            "Num_Tech: ": 3,
            "Run Time: ": 26.082,
            "Score List: ": "Level 0: 30.170329 | Level 1: -0.258629 | Level 2: 0.025351 | Level 3: 0.041533 | Level 4: -0.025510 | Post Optimization: 0.000000 | Level 2: -0.023028 | Level 1: -0.028061 | Level 0: -0.017553 | Post Optimization: 0.000000 | "
        }
    },
    "50.20.1 | Average: ": 43.518991163103365,
    "50.20.1 | Best: ": 43.518991163103365,
    "50.20.1 | STD: ": 0.0,
    "50.20.1.txt": {
        "50.20.1.txt.1": {
            "Best Score: ": 43.518991163103365,
            "Best Solution: ": "43.518991 == [[[44,13,21,23,29]],[[39,45,46,38,4,28,35,16,50,36,48,20,18,15]],[[30,27,43,10,42,8,34,26,25,24]]] || [[41,12,19,3,9,11,2,33],[1,22,7,6,49],[40,32,14,17,37,5,47,31]]",
            "Num_Drone: ": 3,
            "Num_Tech: ": 3,
            "Run Time: ": 28.596,
            "Score List: ": "Level 0: 59.314033 | Level 1: -0.221407 | Level 2: -0.034701 | Level 3: 0.016811 | Level 4: -0.035072 | Post Optimization: 0.000000 | Level 2: 0.000000 | Level 1: 0.000000 | Level 0: -0.005021 | Post Optimization: 0.000000 | "
        }
    },
    "50.20.2 | Average: ": 39.9869887280575,
    "50.20.2 | Best: ": 39.9869887280575,
    "50.20.2 | STD: ": 0.0,
    "50.20.2.txt": {
        "50.20.2.txt.1": {
            "Best Score: ": 39.9869887280575,
            "Best Solution: ": "39.986989 == [[[28,43,3,11,26,45,5,24,27]],[[23,12,42,18,37,41,44,22,14,4,39,17]],[[34,6,13,20,21,8,9,30,15,35,1,32,49]]] || [[48,29,2,16,33,36,47,50],[25,40,10],[46,31,7,19,38]]",
            "Num_Drone: ": 3,
            "Num_Tech: ": 3,
            "Run Time: ": 33.844,
            "Score List: ": "Level 0: 67.359034 | Level 1: -0.313279 | Level 2: -0.012290 | Level 3: 0.015268 | Level 4: -0.036260 | Post Optimization: 0.000000 | Level 2: -0.074772 | Level 1: -0.010214 | Level 0: -0.017200 | Post Optimization: -0.006158 | "
        }
    },
    "50.20.3 | Average: ": 45.066839946248066,
    "50.20.3 | Best: ": 45.066839946248066,
    "50.20.3 | STD: ": 0.0,
    "50.20.3.txt": {
        "50.20.3.txt.1": {
            "Best Score: ": 45.066839946248066,
            "Best Solution: ": "45.066840 == [[[33,8,31,22,13,18,46,6,3,26,39,47]],[[25,48,17,49,30,41,19,10,23]],[[40,32,1,38,4,24,42,20,5,21,36]]] || [[37,11,12,43],[29,16,2,28,14,34,9,27],[44,7,50,15,45,35]]",
            "Num_Drone: ": 3,
            "Num_Tech: ": 3,
            "Run Time: ": 32.17,
            "Score List: ": "Level 0: 70.126255 | Level 1: -0.271479 | Level 2: -0.096689 | Level 3: 0.044165 | Level 4: -0.041250 | Post Optimization: 0.000000 | Level 2: -0.009701 | Level 1: -0.003526 | Level 0: -0.011470 | Post Optimization: 0.000000 | "
        }
    },
    "50.20.4 | Average: ": 47.28439611592343,
    "50.20.4 | Best: ": 47.28439611592343,
    "50.20.4 | STD: ": 0.0,
    "50.20.4.txt": {
        "50.20.4.txt.1": {
            "Best Score: ": 47.28439611592343,
            "Best Solution: ": "47.284396 == [[[16,34,4,15,48,6,29,37,3,20,10,50,45]],[[36,32,47,42,2,24,33,28,9,1]],[[30,5,40,11,18,39,27,21,49,13,35]]] || [[46,14,19,17],[23,7,12,22,31,44,8],[43,25,41,38,26]]",
            "Num_Drone: ": 3,
            "Num_Tech: ": 3,
            "Run Time: ": 28.308,
            "Score List: ": "Level 0: 65.263169 | Level 1: -0.230390 | Level 2: -0.038949 | Level 3: 0.046457 | Level 4: -0.044395 | Post Optimization: 0.000000 | Level 2: 0.000000 | Level 1: 0.000000 | Level 0: -0.017777 | Post Optimization: -0.002708 | "
        }
    },
    "50.30.1 | Average: ": 67.77205972316871,
    "50.30.1 | Best: ": 67.77205972316871,
    "50.30.1 | STD: ": 0.0,
    "50.30.1.txt": {
        "50.30.1.txt.1": {
            "Best Score: ": 67.77205972316871,
            "Best Solution: ": "67.772060 == [[[20,1,40,18,49,16,3,37,47,4,25,6,10]],[[31,11,35,48,50,44,30,45,38,21,43,29]],[[32,42,46,17,39,8,5,34,2,33,23]]] || [[41,13,28,24,19,26],[15,27,36,14,7],[12,9,22]]",
            "Num_Drone: ": 3,
            "Num_Tech: ": 3,
            "Run Time: ": 33.686,
            "Score List: ": "Level 0: 83.746094 | Level 1: -0.135365 | Level 2: 0.026287 | Level 3: -0.005636 | Level 4: -0.063013 | Post Optimization: 0.000000 | Level 2: 0.000000 | Level 1: -0.000000 | Level 0: -0.021172 | Post Optimization: 0.000000 | "
        }
    },
    "50.30.2 | Average: ": 62.249358012809346,
    "50.30.2 | Best: ": 62.249358012809346,
    "50.30.2 | STD: ": 0.0,
    "50.30.2.txt": {
        "50.30.2.txt.1": {
            "Best Score: ": 62.249358012809346,
            "Best Solution: ": "62.249358 == [[[16,26,49,44,14,46,29,42,25]],[[23,45,32,10,38,36,37,12,19]],[[30,34,35,3,21,28,6,5,9,48,22,31]]] || [[27,15,40,2,43,20,33,39,50],[18,24,11,4],[1,17,47,8,41,13,7]]",
            "Num_Drone: ": 3,
            "Num_Tech: ": 3,
            "Run Time: ": 30.233,
            "Score List: ": "Level 0: 83.041599 | Level 1: -0.214727 | Level 2: -0.028496 | Level 3: 0.019994 | Level 4: 0.000000 | Post Optimization: 0.000000 | Level 2: -0.019602 | Level 1: -0.006392 | Level 0: -0.011084 | Post Optimization: 0.000000 | "
        }
    },
    "50.30.3 | Average: ": 68.33042397788857,