{
    "50.10.1 | Average: ": 21.741340869805654,
    "50.10.1 | Best: ": 21.741340869805654,
    "50.10.1 | STD: ": 0.0,
    "50.10.1.txt": {
        "50.10.1.txt.1": {
            "Best Score: ": 21.741340869805654,
            "Best Solution: ": "21.741341 == [[[31,5,40,32,23,44,39,37,26,36,45,29,1]],[[3,50,42,24,14,21,15,35,28,11,12]],[[38,46,43,2,20,18,6,33,7,34,16]]] || [[48,47,22,30],[41,19,17,49],[8,4,13,25,27,9,10]]",
            "Num_Drone: ": 3,
            "Num_Tech: ": 3,
            "Run Time: ": 25.552,
            "Score List: ": "Level 0: 38.076377 | Level 1: -0.369882 | Level 2: -0.026560 | Level 3: -0.002438 | Level 4: -0.027024 | Post Optimization: 0.000000 | Level 2: -0.015593 | Level 1: -0.021880 | Level 0: -0.003927 | Post Optimization: 0.000000 | "
        }
    },
    "50.10.2 | Average: ": 21.557777894300635,
    "50.10.2 | Best: ": 21.557777894300635,
    "50.10.2 | STD: ": 0.0,
    "50.10.2.txt": {
        "50.10.2.txt.1": {
            "Best Score: ": 21.557777894300635,
            "Best Solution: ": "21.557778 == [[[22,18,3,48,26,35,40,30,38]],[[28,17,25,45,50,42,10,9,43,37,5,16]],[[27,20,49,46,1,12,41,6,34,11,29]]] || [[8,2,33,39,24,19,31],[4,21,13,44,14,23],[47,7,32,15,36]]",
            "Num_Drone: ": 3,
            "Num_Tech: ": 3,
            "Run Time: ": 25.153,
            "Score List: ": "Level 0: 36.831386 | Level 1: -0.351690 | Level 2: 0.000000 | Level 3: -0.061298 | Level 4: -0.031985 | Post Optimization: 0.000000 | Level 2: 0.000000 | Level 1: 0.000000 | Level 0: -0.006442 | Post Optimization: 0.000000 | "
        }
    },
    "50.10.3 | Average: ": 22.483287044971767,
    "50.10.3 | Best: ": 22.483287044971767,
    "50.10.3 | STD: ": 0.0,
    "50.10.3.txt": {
        "50.10.3.txt.1": {
            "Best Score: ": 22.483287044971767,
            "Best Solution: ": "22.483287 == [[[8,22,21,1,24,27,48,42,39,18,6]],[[47,17,7,45,34,11,9,50,31,44,49]],[[19,16,13,41,43,38,28,26]]] || [[10,35,33,37,25,23],[46,5,30,14,29,15,20],[32,3,12,4,36,2,40]]",
            "Num_Drone: ": 3,
            "Num_Tech: ": 3,
            "Run Time: ": 25.193,
            "Score List: ": "Level 0: 42.387961 | Level 1: -0.469583 | Level 2: 0.000000 | Level 3: 0.000000 | Level 4: 0.000000 | Post Optimization: 0.000000 | Level 2: -0.000000 | Level 1: 0.000000 | Level 0: 0.000000 | Post Optimization: 0.000000 | "
        }
    },
    "50.10.4 | Average: ": 21.95396375681834,
    "50.10.4 | Best: ": 21.95396375681834,
    "50.10.4 | STD: ": 0.0,
    "50.10.4.txt": {
        "50.10.4.txt.1": {
            "Best Score: ": 21.95396375681834,
            "Best Solution: ": "21.953964 == [[[46,10,6,29,33,4,45,44,23,35,13,11]],[[47,32,30,25,37,31,34,1,16,14,2,48]],[[20,24,27,43,26,50,18,8,7,28,3,15]]] || [[42,49,17,40],[9,19,5,41,12,22],[21,36,39,38]]",
            "Num_Drone: ": 3,
            "Num_Tech: ": 3,
            "Run Time: ": 25.167,
            "Score List: ": "Level 0: 30.170329 | Level 1: -0.259773 | Level 2: -0.016967 | Level 3: 0.000000 | Level 4: 0.000000 | Post Optimization: 0.000000 | Level 2: 0.000000 | Level 1: -0.000000 | Level 0: 0.000000 | Post Optimization: 0.000000 | "
        }
    },
    "50.20.1 | Average: ": 43.73894187602812,
    "50.20.1 | Best: ": 43.73894187602812,
    "50.20.1 | STD: ": 0.0,
    "50.20.1.txt": {
        "50.20.1.txt.1": {
            "Best Score: ": 43.73894187602812,
            "Best Solution: ": "43.738942 == [[[15,46,38,4,28,50,36,16,35,30,26,34,25,24,39,45]],[[44,13,21,23,40]],[[18,20,48,27,43,10,42,8]]] || [[12,19,3,29,9,11,2,33],[1,22,7,47,31,41],[32,14,17,6,37,5,49]]",
            "Num_Drone: ": 3,
            "Num_Tech: ": 3,
            "Run Time: ": 25.035,
            "Score List: ": "Level 0: 59.314033 | Level 1: -0.261257 | Level 2: -0.001800 | Level 3: 0.000000 | Level 4: 0.000000 | Post Optimization: 0.000000 | Level 2: 0.000000 | Level 1: 0.000000 | Level 0: 0.000000 | Post Optimization: 0.000000 | "
        }
    },
    "50.20.2 | Average: ": 39.48375724483118,
    "50.20.2 | Best: ": 39.48375724483118,
    "50.20.2 | STD: ": 0.0,
    "50.20.2.txt": {
        "50.20.2.txt.1": {
            "Best Score: ": 39.48375724483118,
            "Best Solution: ": "39.483757 == [[[17,4,39,14,22,44,41,37,18,42,12,23]],[[28,3,11,45,26,5,27,24,31,46]],[[34,13,20,21,8,9,30,15,35,6,32,49]]] || [[1,36,33,16,2,48,29,47,50,43],[38,19,7,10],[40,25]]",
            "Num_Drone: ": 3,
            "Num_Tech: ": 3,
            "Run Time: ": 25.086,
            "Score List: ": "Level 0: 67.359034 | Level 1: -0.320634 | Level 2: -0.052525 | Level 3: -0.006806 | Level 4: 0.000000 | Post Optimization: 0.000000 | Level 2: -0.005296 | Level 1: -0.017156 | Level 0: -0.062139 | Post Optimization: 0.000000 | "
        }
    },
    "50.20.3 | Average: ": 44.80287272859369,
    "50.20.3 | Best: ": 44.80287272859369,
    "50.20.3 | STD: ": 0.0,
    "50.20.3.txt": {
        "50.20.3.txt.1": {
            "Best Score: ": 44.80287272859369,
            "Best Solution: ": "44.802873 == [[[10,19,41,30,49,17,25,48,43,21]],[[29,23,31,34,9,13,22,18,46,6,8,3]],[[40,32,1,38,4,7,44,42,20,36]]] || [[5,37,11,12],[33,16,2,28,14,27],[24,50,45,15,35,26,39,47]]",
            "Num_Drone: ": 3,
            "Num_Tech: ": 3,
            "Run Time: ": 25.103,
            "Score List: ": "Level 0: 70.126255 | Level 1: -0.302438 | Level 2: -0.064773 | Level 3: 0.000000 | Level 4: -0.007785 | Post Optimization: 0.000000 | Level 2: -0.009504 | Level 1: -0.003524 | Level 0: -0.000000 | Post Optimization: 0.000000 | "
        }
    },
    "50.20.4 | Average: ": 43.918132527197095,
    "50.20.4 | Best: ": 43.918132527197095,
    "50.20.4 | STD: ": 0.0,
    "50.20.4.txt": {
        "50.20.4.txt.1": {
            "Best Score: ": 43.918132527197095,
            "Best Solution: ": "43.918133 == [[[36,8,50,1,10,20,3,47,42,2,9,28,33,24,43,45]],[[23,40,18,11,39,27,49,21,13,35]],[[44,22,31,15,48,6,29,37,32]]] || [[19,41,38],[16,4,34,12,5,30,7],[17,26,46,14,25]]",
            "Num_Drone: ": 3,
            "Num_Tech: ": 3,
            "Run Time: ": 25.518,
            "Score List: ": "Level 0: 65.263169 | Level 1: -0.254464 | Level 2: -0.085843 | Level 3: -0.000365 | Level 4: -0.005148 | Post Optimization: 0.000000 | Level 2: -0.007114 | Level 1: -0.000032 | Level 0: 0.000000 | Post Optimization: 0.000000 | "
        }
    },
    "50.30.1 | Average: ": 69.23798851591724,
    "50.30.1 | Best: ": 69.23798851591724,
    "50.30.1 | STD: ": 0.0,
    "50.30.1.txt": {
        "50.30.1.txt.1": {
            "Best Score: ": 69.23798851591724,
            "Best Solution: ": "69.237989 == [[[6,4,25,35,48,50,44,30,45,38,43]],[[10,20,49,1,40,18,16,3,37,47]],[[27,36,32,42,46,17,39,8,5,33,34]]] || [[14,29,21,15,11,31],[23,2,19,22,24,13,41,26,7],[12,9,28]]",
            "Num_Drone: ": 3,
            "Num_Tech: ": 3,
            "Run Time: ": 25.017,
            "Score List: ": "Level 0: 83.746094 | Level 1: -0.135365 | Level 2: -0.001397 | Level 3: -0.017431 | Level 4: 0.000000 | Post Optimization: 0.000000 | Level 2: 0.000000 | Level 1: -0.025479 | Level 0: 0.000000 | Post Optimization: 0.000000 | "
        }
    },
    "50.30.2 | Average: ": 62.22929756873455,
    "50.30.2 | Best: ": 62.22929756873455,
    "50.30.2 | STD: ": 0.0,
    "50.30.2.txt": {
        "50.30.2.txt.1": {
            "Best Score: ": 62.22929756873455,
            "Best Solution: ": "62.229298 == [[[23,45,32,10,38,36,37,12]],[[29,42,46,14,44,26,49,16,17,1]],[[30,34,35,21,3,28,6,5,9,48,22,31]]] || [[39,50,2,43,20,33,40,27],[15,18,24,11,4],[8,47,41,19,7,13,25]]",
            "Num_Drone: ": 3,
            "Num_Tech: ": 3,
            "Run Time: ": 25.015,
            "Score List: ": "Level 0: 83.041599 | Level 1: -0.249004 | Level 2: -0.002158 | Level 3: 0.000000 | Level 4: 0.000000 | Post Optimization: 0.000000 | Level 2: 0.000000 | Level 1: 0.000000 | Level 0: 0.000000 | Post Optimization: 0.000000 | "
        }
    },
    "50.30.3 | Average: ": 68.33042397788857,