{
    "50.10.1 | Average: ": 21.94813896903849,
    "50.10.1 | Best: ": 21.94813896903849,
    "50.10.1 | STD: ": 0.0,
    "50.10.1.txt": {
        "50.10.1.txt.1": {
            "Best Score: ": 21.94813896903849,
            "Best Solution: ": "21.948139 == [[[30,22,3,50,42,24,14,21,15,35,28,11]],[[31,5,29,45,36,26,37,39,44,46,38,23,32]],[[12,18,6,7,33,20,16,34,2,43]]] || [[41,9,27,47,13,4,8],[25,49],[19,17,48,1,40,10]]",
            "Num_Drone: ": 3,
            "Num_Tech: ": 3,
            "Run Time: ": 26.365,
            "Score List: ": "Level 0: 38.076377 | Level 1: -0.349842 | Level 2: -0.072001 | Level 3: 0.029041 | Level 4: -0.065953 | Level 5: 0.000000 | Post Optimization: 0.000000 | Level 3: 0.000000 | Level 2: -0.000767 | Level 1: -0.004915 | Level 0: -0.000352 | Post Optimization: 0.000000 | "
        }
    },
    "50.10.2 | Average: ": 23.853784506403887,
    "50.10.2 | Best: ": 23.853784506403887,
    "50.10.2 | STD: ": 0.0,
    "50.10.2.txt": {
        "50.10.2.txt.1": {
            "Best Score: ": 23.853784506403887,
            "Best Solution: ": "23.853785 == [[[2,8,33,24,39,7,32,15]],[[25,25,9,43,10,42,45,50,37,5,16,28,17]],[[36,27,46,49,20,1,12,41,6,29,34,11]]] || [[3,18,30,38,22],[4,21,13,14,44,23,19,31,47],[48,40,35,26]]",
            "Num_Drone: ": 3,
            "Num_Tech: ": 3,
            "Run Time: ": 33.729,
            "Score List: ": "Level 0: 36.831386 | Level 1: -0.349994 | Level 2: 0.038444 | Level 3: -0.025746 | Level 4: 0.027969 | Level 5: -0.041954 | Post Optimization: 0.000000 | Level 3: 0.000000 | Level 2: -0.000000 | Level 1: 0.000000 | Level 0: 0.000000 | Post Optimization: 0.000000 | "
        }
    },
    "50.10.3 | Average: ": 22.126913232496705,
    "50.10.3 | Best: ": 22.126913232496705,
    "50.10.3 | STD: ": 0.0,
    "50.10.3.txt": {
        "50.10.3.txt.1": {
            "Best Score: ": 22.126913232496705,
            "Best Solution: ": "22.126913 == [[[6,10,35,25,37,33,23,18,39]],[[8,22,21,42,27,48,24,1,20,19,47,46]],[[13,41,43,38,28,7,26]]] || [[34,45,11,9,50,31],[5,30,14,29,15,16,17],[40,2,12,4,36,3,44,49,32]]",
            "Num_Drone: ": 3,
            "Num_Tech: ": 3,
            "Run Time: ": 27.704,
            "Score List: ": "Level 0: 42.387961 | Level 1: -0.469583 | Level 2: 0.095852 | Level 3: -0.033531 | Level 4: 0.110007 | Level 5: -0.059714 | Post Optimization: -0.016027 | Level 3: 0.000000 | Level 2: -0.030102 | Level 1: -0.062318 | Level 0: -0.005119 | Post Optimization: 0.000000 | "
        }
    },
    "50.10.4 | Average: ": 21.77590610192947,
    "50.10.4 | Best: ": 21.77590610192947,
    "50.10.4 | STD: ": 0.0,
    "50.10.4.txt": {
        "50.10.4.txt.1": {
            "Best Score: ": 21.77590610192947,
            "Best Solution: ": "21.775906 == [[[15,28,3,43,18,8,7,50,26,27,47,24,20]],[[46,29,33,4,10,6,21,36,2,48]],[[32,30,25,37,31,1,34,16,39,14,38]]] || [[19,5,41,9,22],[44,23,40,49,17,12,35],[13,45,42,11]]",
            "Num_Drone: ": 3,
            "Num_Tech: ": 3,
            "Run Time: ": 32.708,
            "Score List: ": "Level 0: 30.170329 | Level 1: -0.258629 | Level 2: 0.025351 | Level 3: 0.041533 | Level 4: -0.016303 | Level 5: 0.000000 | Post Optimization: 0.000000 | Level 3: -0.009360 | Level 2: -0.023028 | Level 1: -0.042463 | Level 0: 0.000000 | Post Optimization: 0.000000 | "
        }
    },
    "50.20.1 | Average: ": 40.17998893860875,
    "50.20.1 | Best: ": 40.17998893860875,
    "50.20.1 | STD: ": 0.0,
    "50.20.1.txt": {
        "50.20.1.txt.1": {
            "Best Score: ": 40.17998893860875,
            "Best Solution: ": "40.179989 == [[[48,46,38,44,4,28,50,36,16,35,27,30]],[[20,15,24,25,34,26,43,10,42,8,45,39]],[[32,14,17,23,21,11,2,9,29]]] || [[6,5,37,49,40],[1,22,7,47,31],[18,13,33,3,19,12,41]]",
            "Num_Drone: ": 3,
            "Num_Tech: ": 3,
            "Run Time: ": 31.641,
            "Score List: ": "Level 0: 59.314033 | Level 1: -0.221407 | Level 2: -0.034701 | Level 3: 0.016811 | Level 4: 0.000000 | Level 5: 0.000000 | Post Optimization: 0.000000 | Level 3: -0.016432 | Level 2: -0.030050 | Level 1: -0.007255 | Level 0: -0.064060 | Post Optimization: 0.000000 | "
        }
    },
    "50.20.2 | Average: ": 39.48375724483118,
    "50.20.2 | Best: ": 39.48375724483118,
    "50.20.2 | STD: ": 0.0,
    "50.20.2.txt": {
        "50.20.2.txt.1": {
            "Best Score: ": 39.48375724483118,
            "Best Solution: ": "39.483757 == [[[24,27,5,45,26,11,3,28,49]],[[14,22,44,41,20,37,18,42,12,23]],[[17,39,4,13,21,8,9,30,15,35,1,32,6,34]]] || [[10,7,19,38,31,46],[29,2,16,33,36,48,47,50,43],[40,25]]",
            "Num_Drone: ": 3,
            "Num_Tech: ": 3,
            "Run Time: ": 36.88,
            "Score List: ": "Level 0: 67.359034 | Level 1: -0.313279 | Level 2: -0.012290 | Level 3: 0.015268 | Level 4: 0.024383 | Level 5: -0.096225 | Post Optimization: 0.000000 | Level 3: 0.000000 | Level 2: -0.020140 | Level 1: -0.049514 | Level 0: -0.012812 | Post Optimization: 0.000000 | "
        }
    },
    "50.20.3 | Average: ": 45.07991441816691,
    "50.20.3 | Best: ": 45.07991441816691,
    "50.20.3 | STD: ": 0.0,
    "50.20.3.txt": {
        "50.20.3.txt.1": {
            "Best Score: ": 45.07991441816691,
            "Best Solution: ": "45.079914 == [[[16,2,22,13,18,46,8,6,3]],[[25,48,49,17,30,41,19,10,23,29]],[[35,40,32,1,38,4,50,26,39,47,45,15]]] || [[24,7,44,42,20,21,36],[33,28,14,31,34,9,27],[5,37,11,12,43]]",
            "Num_Drone: ": 3,
            "Num_Tech: ": 3,
            "Run Time: ": 29.609,
            "Score List: ": "Level 0: 70.126255 | Level 1: -0.271479 | Level 2: -0.096689 | Level 3: 0.044165 | Level 4: -0.030959 | Level 5: -0.010619 | Post Optimization: 0.000000 | Level 3: 0.000000 | Level 2: -0.009701 | Level 1: -0.014669 | Level 0: -0.000000 | Post Optimization: 0.000000 | "
        }
    },
    "50.20.4 | Average: ": 44.507126337367424,
    "50.20.4 | Best: ": 44.507126337367424,
    "50.20.4 | STD: ": 0.0,
    "50.20.4.txt": {
        "50.20.4.txt.1": {
            "Best Score: ": 44.507126337367424,
            "Best Solution: ": "44.507126 == [[[43,25,38,41,19,24,33,28,9]],[[16,23,30,5,40,11,18,39,27,49,21,13]],[[4,34,22,31,15,48,6,29,37,32,3,1]]] || [[45,10,20,47,42,2],[35,14,46,26,17],[7,12,44,50,8,36]]",
            "Num_Drone: ": 3,
            "Num_Tech: ": 3,
            "Run Time: ": 29.806,
            "Score List: ": "Level 0: 65.263169 | Level 1: -0.230390 | Level 2: -0.038949 | Level 3: 0.046457 | Level 4: -0.044395 | Level 5: 0.000000 | Post Optimization: 0.000000 | Level 3: 0.000000 | Level 2: -0.072549 | Level 1: -0.005847 | Level 0: 0.000000 | Post Optimization: 0.000000 | "
        }
    },
    "50.30.1 | Average: ": 69.23798851591724,
    "50.30.1 | Best: ": 69.23798851591724,
    "50.30.1 | STD: ": 0.0,
    "50.30.1.txt": {
        "50.30.1.txt.1": {
            "Best Score: ": 69.23798851591724,
            "Best Solution: ": "69.237989 == [[[6,20,1,40,18,16,49,3,37,47,10,26]],[[35,48,44,50,30,45,38,15,21,43,29,7]],[[14,27,36,32,42,46,17,39,8,5,33,2,23]]] || [[12,9,28],[41,4,25,11,31],[34,19,22,24,13]]",
            "Num_Drone: ": 3,
            "Num_Tech: ": 3,
            "Run Time: ": 31.175,
            "Score List: ": "Level 0: 83.746094 | Level 1: -0.135365 | Level 2: 0.040697 | Level 3: -0.051447 | Level 4: -0.019494 | Level 5: -0.012104 | Post Optimization: 0.000000 | Level 3: 0.000000 | Level 2: 0.000000 | Level 1: -0.000000 | Level 0: 0.000000 | Post Optimization: 0.000000 | "
        }
    },
    "50.30.2 | Average: ": 57.73853584256965,
    "50.30.2 | Best: ": 57.73853584256965,
    "50.30.2 | STD: ": 0.0,
    "50.30.2.txt": {
        "50.30.2.txt.1": {
            "Best Score: ": 57.73853584256965,
            "Best Solution: ": "57.738536 == [[[15,18,24,46,14,11,4,29]],[[30,21,3,28,6,5,9,48,22]],[[17,8,47,23,45,32,10,38,36,1]]] || [[16,26,49,44,42],[27,40,2,43,20,33,39,50,31],[34,35,7,37,12,19,41,13,25]]",
            "Num_Drone: ": 3,
            "Num_Tech: ": 3,