{
    "50.10.1 | Average: ": 21.948138969038492,
    "50.10.1 | Best: ": 21.948138969038492,
    "50.10.1 | STD: ": 0.0,
    "50.10.1.txt": {
        "50.10.1.txt.1": {
            "Best Score: ": 21.948138969038492,
            "Best Solution: ": "21.948139 == [[[30,22,3,50,42,24,14,21,15,35,28,11]],[[31,5,29,45,36,26,37,39,44,46,38,23,32]],[[12,18,6,7,33,20,16,34,2,43]]] || [[41,9,27,47,13,4,8],[49,25],[19,17,48,1,40,10]]",
            "Num_Drone: ": 3,
            "Num_Tech: ": 3,
            "Run Time: ": 36.772,
            "Score List: ": "Level 0: 38.076377 | Level 1: -0.349842 | Level 2: -0.072001 | Level 3: 0.029041 | Level 4: -0.065953 | Level 5: 0.000000 | Level 6: 0.000000 | Post Optimization: 0.000000 | Level 4: 0.000000 | Level 3: 0.000000 | Level 2: -0.000767 | Level 1: -0.004915 | Level 0: -0.000352 | Post Optimization: 0.000000 | "
        }
    },
    "50.10.2 | Average: ": 23.853784506403887,
    "50.10.2 | Best: ": 23.853784506403887,
    "50.10.2 | STD: ": 0.0,
    "50.10.2.txt": {
        "50.10.2.txt.1": {
            "Best Score: ": 23.853784506403887,
            "Best Solution: ": "23.853785 == [[[2,8,33,24,39,7,32,15]],[[25,25,9,43,10,42,45,50,37,5,16,28,17]],[[36,27,46,49,20,1,12,41,6,29,34,11]]] || [[3,18,30,38,22],[4,21,13,14,44,23,19,31,47],[48,40,35,26]]",
            "Num_Drone: ": 3,
            "Num_Tech: ": 3,
            "Run Time: ": 34.087,
            "Score List: ": "Level 0: 36.831386 | Level 1: -0.349994 | Level 2: 0.038444 | Level 3: -0.025746 | Level 4: 0.027969 | Level 5: 0.000000 | Level 6: 0.000000 | Post Optimization: 0.000000 | Level 4: -0.041954 | Level 3: 0.000000 | Level 2: -0.000000 | Level 1: 0.000000 | Level 0: 0.000000 | Post Optimization: 0.000000 | "
        }
    },
    "50.10.3 | Average: ": 22.126913232496705,
    "50.10.3 | Best: ": 22.126913232496705,
    "50.10.3 | STD: ": 0.0,
    "50.10.3.txt": {
        "50.10.3.txt.1": {
            "Best Score: ": 22.126913232496705,
            "Best Solution: ": "22.126913 == [[[6,10,35,33,25,37,23,18,39,22]],[[46,21,42,27,48,24,1,30,14,20,47]],[[29,15,13,41,43,38,28,26]]] || [[34,45,11,9,50,31],[32,40,2,12,36,4,3,44,49],[8,5,19,16,17,7]]",
            "Num_Drone: ": 3,
            "Num_Tech: ": 3,
            "Run Time: ": 47.544,
            "Score List: ": "Level 0: 42.387961 | Level 1: -0.469583 | Level 2: 0.095852 | Level 3: -0.033531 | Level 4: 0.110007 | Level 5: 0.020069 | Level 6: -0.092987 | Post Optimization: 0.000000 | Level 4: 0.000000 | Level 3: 0.000000 | Level 2: -0.030102 | Level 1: -0.041795 | Level 0: -0.020579 | Post Optimization: -0.005973 | "
        }
    },
    "50.10.4 | Average: ": 22.47770486618092,
    "50.10.4 | Best: ": 22.47770486618092,
    "50.10.4 | STD: ": 0.0,
    "50.10.4.txt": {
        "50.10.4.txt.1": {
            "Best Score: ": 22.47770486618092,
            "Best Solution: ": "22.477705 == [[[27,8,7,43,18,50,26,47]],[[48,46,2,36,21,10,6,29,33,4,45]],[[32,30,25,37,31,1,34,16,39,14,38]]] || [[22,15,28,3,19,9,24,20],[44,23,42,49,17,12,35],[13,40,5,41,11]]",
            "Num_Drone: ": 3,
            "Num_Tech: ": 3,
            "Run Time: ": 40.727,
            "Score List: ": "Level 0: 30.170329 | Level 1: -0.258629 | Level 2: 0.025351 | Level 3: 0.041533 | Level 4: -0.016303 | Level 5: 0.012391 | Level 6: -0.001961 | Post Optimization: 0.000000 | Level 4: -0.010298 | Level 3: -0.009360 | Level 2: -0.032964 | Level 1: -0.001448 | Level 0: 0.000000 | Post Optimization: 0.000000 | "
        }
    },
    "50.20.1 | Average: ": 42.40641354320022,
    "50.20.1 | Best: ": 42.40641354320022,
    "50.20.1 | STD: ": 0.0,
    "50.20.1.txt": {
        "50.20.1.txt.1": {
            "Best Score: ": 42.40641354320022,
            "Best Solution: ": "42.406414 == [[[15,20,46,38,4,28,16,35,50,36,48,34,26,25,24]],[[32,23,21,9,11,2,29,3,40,12,41]],[[30,27,43,10,42,8,39,45]]] || [[18,44,13,33,19],[14,17,6,49,7,47,31],[1,22,37,5]]",
            "Num_Drone: ": 3,
            "Num_Tech: ": 3,
            "Run Time: ": 38.539,
            "Score List: ": "Level 0: 59.314033 | Level 1: -0.221407 | Level 2: -0.034701 | Level 3: 0.016811 | Level 4: -0.030268 | Level 5: 0.033007 | Level 6: -0.001737 | Post Optimization: 0.000000 | Level 4: -0.035072 | Level 3: 0.000000 | Level 2: 0.000000 | Level 1: -0.001506 | Level 0: -0.024988 | Post Optimization: -0.004111 | "
        }
    },
    "50.20.2 | Average: ": 39.48375724483118,
    "50.20.2 | Best: ": 39.48375724483118,
    "50.20.2 | STD: ": 0.0,
    "50.20.2.txt": {
        "50.20.2.txt.1": {
            "Best Score: ": 39.48375724483118,
            "Best Solution: ": "39.483757 == [[[14,22,44,41,20,37,18,42,12,23]],[[27,24,5,45,26,11,3,43,28]],[[17,39,4,13,21,8,9,30,15,35,1,32,6,34]]] || [[10,7,19,38,31,46],[50,47,29,2,16,33,36,48,49],[40,25]]",
            "Num_Drone: ": 3,
            "Num_Tech: ": 3,
            "Run Time: ": 37.109,
            "Score List: ": "Level 0: 67.359034 | Level 1: -0.313279 | Level 2: -0.012290 | Level 3: 0.015268 | Level 4: 0.024383 | Level 5: -0.039476 | Level 6: 0.000000 | Post Optimization: 0.000000 | Level 4: -0.059081 | Level 3: 0.000000 | Level 2: -0.020140 | Level 1: -0.049514 | Level 0: -0.012812 | Post Optimization: 0.000000 | "
        }
    },
    "50.20.3 | Average: ": 45.07991441816691,
    "50.20.3 | Best: ": 45.07991441816691,
    "50.20.3 | STD: ": 0.0,
    "50.20.3.txt": {
        "50.20.3.txt.1": {
            "Best Score: ": 45.07991441816691,
            "Best Solution: ": "45.079914 == [[[16,2,22,13,18,46,8,6,3]],[[25,48,49,17,30,41,19,10,23,29]],[[35,40,32,1,38,4,50,26,39,47,45,15]]] || [[24,7,44,42,20,21,36],[33,28,14,31,34,9,27],[5,37,11,12,43]]",
            "Num_Drone: ": 3,
            "Num_Tech: ": 3,
            "Run Time: ": 35.619,
            "Score List: ": "Level 0: 70.126255 | Level 1: -0.271479 | Level 2: -0.096689 | Level 3: 0.044165 | Level 4: -0.030959 | Level 5: -0.010619 | Level 6: 0.000000 | Post Optimization: 0.000000 | Level 4: -0.000000 | Level 3: 0.000000 | Level 2: -0.009701 | Level 1: -0.014669 | Level 0: -0.000000 | Post Optimization: 0.000000 | "
        }
    },
    "50.20.4 | Average: ": 43.918132527197095,
    "50.20.4 | Best: ": 43.918132527197095,
    "50.20.4 | STD: ": 0.0,
    "50.20.4.txt": {
        "50.20.4.txt.1": {
            "Best Score: ": 43.918132527197095,
            "Best Solution: ": "43.918133 == [[[50,1,10,20,3,47,42,2,9,28,24,33,43,45,36]],[[44,22,31,15,48,6,29,37,32]],[[16,23,40,11,18,27,39,21,49,13,35]]] || [[8,4,34,12,5,30,7],[25,26,14,46,17],[19,41,38]]",
            "Num_Drone: ": 3,
            "Num_Tech: ": 3,
            "Run Time: ": 35.762,
            "Score List: ": "Level 0: 65.263169 | Level 1: -0.230390 | Level 2: -0.038949 | Level 3: 0.046457 | Level 4: -0.044395 | Level 5: 0.023600 | Level 6: -0.023056 | Post Optimization: 0.000000 | Level 4: 0.000000 | Level 3: 0.000000 | Level 2: -0.047393 | Level 1: -0.044864 | Level 0: -0.000047 | Post Optimization: 0.000000 | "
        }
    },
    "50.30.1 | Average: ": 67.77210228029945,
    "50.30.1 | Best: ": 67.77210228029945,
    "50.30.1 | STD: ": 0.0,
    "50.30.1.txt": {
        "50.30.1.txt.1": {
            "Best Score: ": 67.77210228029945,
            "Best Solution: ": "67.772102 == [[[35,48,50,44,30,45,38,21,43,11,31]],[[20,1,40,18,49,16,3,37,47,4,25,6,10]],[[32,42,46,17,39,8,5,34,2,33,23,23]]] || [[41,13,28,24,19],[15,29,27,36,14],[22,12,9]]",
            "Num_Drone: ": 3,
            "Num_Tech: ": 3,
            "Run Time: ": 38.258,
            "Score List: ": "Level 0: 83.746094 | Level 1: -0.135365 | Level 2: 0.026287 | Level 3: -0.005636 | Level 4: -0.063013 | Level 5: 0.000000 | Level 6: 0.000000 | Post Optimization: 0.000000 | Level 4: 0.000000 | Level 3: -0.008923 | Level 2: 0.000000 | Level 1: -0.012359 | Level 0: 0.000000 | Post Optimization: 0.000000 | "
        }
    },
    "50.30.2 | Average: ": 63.32382679666288,
    "50.30.2 | Best: ": 63.32382679666288,
    "50.30.2 | STD: ": 0.0,