{
    "50.30.1 | Average: ": 67.77210228029945,
    "50.30.1 | Best: ": 67.77210228029945,
    "50.30.1 | STD: ": 0.0,
    "50.30.1.txt": {
        "50.30.1.txt.1": {
            "Best Score: ": 67.77210228029945,
            "Best Solution: ": "67.772102 == [[[6,20,1,40,18,49,16,3,37,47,4,25,10,26]],[[29,21,38,45,30,50,44,35,48]],[[14,32,46,42,17,39,8,5,34,33,2,23]]] || [[19,24,28,13,41],[27,36,43,15,11,31,7],[9,12,22]]",
            "Num_Drone: ": 3,
            "Num_Tech: ": 3,
            "Run Time: ": 28.095,
            "Score List: ": "Level 0: 83.746094 | Level 1: -0.136347 | Level 2: -0.030987 | Level 3: 0.002516 | Level 4: -0.014583 | Level 5: 0.000000 | Level 6: 0.000000 | Post Optimization: 0.000000 | Level 4: 0.000000 | Level 3: 0.000000 | Level 2: 0.000000 | Level 1: -0.021172 | Level 0: 0.000000 | Post Optimization: 0.000000 | "
        }
    }
}
