{
    "50.30.1 | Average: ": 65.98846736750417,
    "50.30.1 | Best: ": 65.98846736750417,
    "50.30.1 | STD: ": 0.0,
    "50.30.1.txt": {
        "50.30.1.txt.1": {
            "Best Score: ": 65.98846736750417,
            "Best Solution: ": "65.988467 == [[[6,20,1,40,18,49,16,3,37,47,4,25,10]],[[35,48,50,44,38,45,30,21,15,11,31]],[[22,19,24,28,9,12,13,41]]] || [[26,7,29,43,27,36,14],[34,17,39,8,5,33,2,23],[46,42,32]]",
            "Num_Drone: ": 3,
            "Num_Tech: ": 3,
            "Run Time: ": 28.544,
            "Score List: ": "Level 0: 83.746094 | Level 1: -0.136347 | Level 2: -0.030987 | Level 3: -0.012104 | Level 4: 0.000000 | Level 5: 0.000000 | Level 6: 0.000000 | Level 7: -0.001412 | Post Optimization: 0.000000 | Level 5: -0.038217 | Level 4: 0.000000 | Level 3: 0.000000 | Level 2: -0.007661 | Level 1: 0.000000 | Level 0: 0.000000 | Post Optimization: 0.000000 | "
        }
    }
}
