{
    "50.10.1 | Average: ": 21.97280402097983,
    "50.10.1 | Best: ": 21.97280402097983,
    "50.10.1 | STD: ": 0.0,
    "50.10.1.txt": {
        "50.10.1.txt.1": {
            "Best Score: ": 21.97280402097983,
            "Best Solution: ": "21.972804 == [[[10,8,30,22,3,50,42,24,14,15,35,28,21]],[[41,29,45,36,26,37,39,44,23,46,38,32,40]],[[12,11,18,6,7,33,20,16,34,2,43]]] || [[9,27,4,13,47],[49,25],[19,17,48,1,31,5]]",
            "Num_Drone: ": 3,
            "Num_Tech: ": 3,
            "Run Time: ": 45.24,
            "Score List: ": "Level 0: 38.076377 | Level 1: -0.349842 | Level 2: -0.072001 | Level 3: 0.029041 | Level 4: -0.065953 | Level 5: 0.000000 | Level 6: 0.116472 | Level 7: -0.077742 | Post Optimization: 0.000000 | Level 5: -0.028819 | Level 4: 0.000000 | Level 3: 0.000000 | Level 2: 0.000000 | Level 1: -0.004911 | Level 0: 0.000000 | Post Optimization: 0.000000 | "
        }
    },
    "50.10.2 | Average: ": 21.557777894300635,
    "50.10.2 | Best: ": 21.557777894300635,
    "50.10.2 | STD: ": 0.0,
    "50.10.2.txt": {
        "50.10.2.txt.1": {
            "Best Score: ": 21.557777894300635,
            "Best Solution: ": "21.557778 == [[[49,20,46,1,12,41,6,29,34,11]],[[2,8,33,24,39,7,32,15,27,36]],[[22,18,3,48,26,35,40,30,38]]] || [[28,17,25,25,9,43,37,5,16],[47,4,21,13,23,14,44,19,31],[42,50,45,10]]",
            "Num_Drone: ": 3,
            "Num_Tech: ": 3,
            "Run Time: ": 39.215,
            "Score List: ": "Level 0: 36.831386 | Level 1: -0.349994 | Level 2: 0.038444 | Level 3: -0.025746 | Level 4: 0.027969 | Level 5: 0.000000 | Level 6: 0.143305 | Level 7: -0.105125 | Post Optimization: 0.000000 | Level 5: 0.000000 | Level 4: 0.000000 | Level 3: -0.068861 | Level 2: -0.050656 | Level 1: -0.036443 | Level 0: -0.006442 | Post Optimization: 0.000000 | "
        }
    },
    "50.10.3 | Average: ": 22.260215530171088,
    "50.10.3 | Best: ": 22.260215530171088,
    "50.10.3 | STD: ": 0.0,
    "50.10.3.txt": {
        "50.10.3.txt.1": {
            "Best Score: ": 22.260215530171088,
            "Best Solution: ": "22.260216 == [[[46,8,22,21,1,24,48,27,42,39,18]],[[14,29,15,16,13,41,43,38]],[[28,45,11,9,50,31,3,49,40,10]]] || [[20,30,5,19,47,17,7,26,32],[35,33,37,25,23,6],[2,12,4,36,44,34]]",
            "Num_Drone: ": 3,
            "Num_Tech: ": 3,
            "Run Time: ": 37.597,
            "Score List: ": "Level 0: 42.387961 | Level 1: -0.469583 | Level 2: 0.095852 | Level 3: -0.033531 | Level 4: 0.110007 | Level 5: 0.034650 | Level 6: 0.320648 | Level 7: -0.340684 | Post Optimization: 0.000000 | Level 5: 0.000000 | Level 4: 0.000000 | Level 3: 0.000000 | Level 2: -0.052038 | Level 1: -0.003977 | Level 0: -0.009922 | Post Optimization: 0.000000 | "
        }
    },
    "50.10.4 | Average: ": 21.99036056405877,
    "50.10.4 | Best: ": 21.99036056405877,
    "50.10.4 | STD: ": 0.0,
    "50.10.4.txt": {
        "50.10.4.txt.1": {
            "Best Score: ": 21.99036056405877,
            "Best Solution: ": "21.990361 == [[[45,4,33,29,6,10,21,36,2]],[[24,20,15,43,18,8,7,50,26,47,27,22]],[[32,30,25,37,31,1,34,16,39,14,38]]] || [[5,41,19,9,28,3],[44,23,42,49,17,12],[48,46,13,40,35,11]]",
            "Num_Drone: ": 3,
            "Num_Tech: ": 3,
            "Run Time: ": 38.734,
            "Score List: ": "Level 0: 30.170329 | Level 1: -0.258629 | Level 2: 0.025351 | Level 3: 0.041533 | Level 4: -0.016303 | Level 5: 0.012391 | Level 6: 0.274968 | Level 7: -0.174941 | Post Optimization: 0.000000 | Level 5: 0.000000 | Level 4: -0.043939 | Level 3: -0.002970 | Level 2: -0.060430 | Level 1: 0.000000 | Level 0: -0.018808 | Post Optimization: 0.000000 | "
        }
    },
    "50.20.1 | Average: ": 41.63279315833471,
    "50.20.1 | Best: ": 41.63279315833471,
    "50.20.1 | STD: ": 0.0,
    "50.20.1.txt": {
        "50.20.1.txt.1": {
            "Best Score: ": 41.63279315833471,
            "Best Solution: ": "41.632793 == [[[39,34,26,30,43,10,42,8,45]],[[15,48,16,35,28,4,44,13,33]],[[19,3,29,9,11,2,21,23,32,12,41]]] || [[18,20,46,38,50,36,27,25,24],[31,1,22,7,47,40],[6,14,17,37,5,49]]",
            "Num_Drone: ": 3,
            "Num_Tech: ": 3,
            "Run Time: ": 37.722,
            "Score List: ": "Level 0: 59.314033 | Level 1: -0.221407 | Level 2: -0.034701 | Level 3: 0.016811 | Level 4: 0.000000 | Level 5: 0.000000 | Level 6: 0.024188 | Level 7: -0.018527 | Post Optimization: 0.000000 | Level 5: 0.000000 | Level 4: -0.005186 | Level 3: 0.000000 | Level 2: 0.000000 | Level 1: 0.000000 | Level 0: -0.070793 | Post Optimization: -0.011555 | "
        }
    },
    "50.20.2 | Average: ": 39.48375724483118,
    "50.20.2 | Best: ": 39.48375724483118,
    "50.20.2 | STD: ": 0.0,
    "50.20.2.txt": {
        "50.20.2.txt.1": {
            "Best Score: ": 39.48375724483118,
            "Best Solution: ": "39.483757 == [[[46,31,24,27,5,26,45,11,3,43,28]],[[17,41,20,13,21,8,9,30,15,35,6,49]],[[23,12,42,18,37,44,22,14,39,4,34]]] || [[25,40],[50,47,48,29,2,16,33,36,1,32],[10,7,19,38]]",
            "Num_Drone: ": 3,
            "Num_Tech: ": 3,
            "Run Time: ": 41.7,
            "Score List: ": "Level 0: 67.359034 | Level 1: -0.313279 | Level 2: -0.012290 | Level 3: 0.015268 | Level 4: 0.024383 | Level 5: -0.039476 | Level 6: 0.001266 | Level 7: 0.000000 | Post Optimization: 0.000000 | Level 5: -0.001265 | Level 4: -0.059081 | Level 3: 0.000000 | Level 2: -0.020140 | Level 1: -0.013312 | Level 0: -0.049032 | Post Optimization: 0.000000 | "
        }
    },
    "50.20.3 | Average: ": 44.52779197031603,
    "50.20.3 | Best: ": 44.52779197031603,
    "50.20.3 | STD: ": 0.0,
    "50.20.3.txt": {
        "50.20.3.txt.1": {
            "Best Score: ": 44.52779197031603,
            "Best Solution: ": "44.527792 == [[[33,8,31,22,13,18,46,6,3,26]],[[25,48,17,49,30,41,19,10,23]],[[39,35,45,1,40,32,38,4,7,24,50,15,47]]] || [[20,42,5,12,43,21,36],[29,16,2,28,14,34,9,27],[44,37,11]]",
            "Num_Drone: ": 3,
            "Num_Tech: ": 3,
            "Run Time: ": 38.403,
            "Score List: ": "Level 0: 70.126255 | Level 1: -0.271479 | Level 2: -0.096689 | Level 3: 0.044165 | Level 4: -0.030959 | Level 5: -0.010619 | Level 6: 0.000000 | Level 7: 0.000000 | Post Optimization: 0.000000 | Level 5: 0.000000 | Level 4: -0.000000 | Level 3: 0.000000 | Level 2: -0.009701 | Level 1: -0.003526 | Level 0: -0.023294 | Post Optimization: 0.000000 | "
        }
    },
    "50.20.4 | Average: ": 43.918132527197095,
    "50.20.4 | Best: ": 43.918132527197095,
    "50.20.4 | STD: ": 0.0,
    "50.20.4.txt": {
        "50.20.4.txt.1": {
            "Best Score: ": 43.918132527197095,
            "Best Solution: ": "43.918133 == [[[50,1,10,20,3,47,42,2,9,28,24,33,43,45,36]],[[44,22,31,15,48,6,29,37,32]],[[16,23,40,11,18,27,39,21,49,13,35]]] || [[8,4,34,12,5,30,7],[25,26,14,46,17],[19,41,38]]",
            "Num_Drone: ": 3,
            "Num_Tech: ": 3,
            "Run Time: ": 40.446,
            "Score List: ": "Level 0: 65.263169 | Level 1: -0.230390 | Level 2: -0.038949 | Level 3: 0.046457 | Level 4: -0.044395 | Level 5: 0.023600 | Level 6: 0.014406 | Level 7: 0.000000 | Post Optimization: 0.000000 | Level 5: -0.036929 | Level 4: 0.000000 | Level 3: 0.000000 | Level 2: -0.047393 | Level 1: -0.044864 | Level 0: -0.000047 | Post Optimization: 0.000000 | "
        }
    },
    "50.30.1 | Average: ": 69.23798851591724,
    "50.30.1 | Best: ": 69.23798851591724,
    "50.30.1 | STD: ": 0.0,
    "50.30.1.txt": {
        "50.30.1.txt.1": {
            "Best Score: ": 69.23798851591724,
            "Best Solution: ": "69.237989 == [[[10,6,20,1,40,18,3,37,47,16,49,26,7]],[[35,48,44,50,30,45,38,15,21,43,29]],[[14,27,36,32,42,46,17,39,8,5,33,2,23]]] || [[12,9,28],[41,4,25,11,31],[34,19,22,24,13]]",
            "Num_Drone: ": 3,
            "Num_Tech: ": 3,
            "Run Time: ": 38.382,