{
    "50.10.1 | Average: ": 21.97280402097983,
    "50.10.1 | Best: ": 21.97280402097983,
    "50.10.1 | STD: ": 0.0,
    "50.10.1.txt": {
        "50.10.1.txt.1": {
            "Best Score: ": 21.97280402097983,
            "Best Solution: ": "21.972804 == [[[22,8,30,3,50,42,24,14,21,15,28,35,10]],[[41,29,45,36,26,37,39,44,23,46,38,32,40]],[[12,11,18,6,7,33,20,16,34,2,43]]] || [[19,17,48,1,31,5],[49,25],[9,13,47,27,4]]",
            "Num_Drone: ": 3,
            "Num_Tech: ": 3,
            "Run Time: ": 43.075,
            "Score List: ": "Level 0: 38.076377 | Level 1: -0.349842 | Level 2: -0.072001 | Level 3: 0.029041 | Level 4: -0.065953 | Level 5: 0.000000 | Level 6: 0.116472 | Level 7: 0.125309 | Level 8: -0.094863 | Level 9: 0.000000 | Post Optimization: 0.000000 | Level 7: 0.000000 | Level 6: -0.094547 | Level 5: -0.028819 | Level 4: 0.000000 | Level 3: 0.000000 | Level 2: 0.000000 | Level 1: -0.004911 | Level 0: 0.000000 | Post Optimization: 0.000000 | "
        }
    },
    "50.10.2 | Average: ": 21.528211713889387,
    "50.10.2 | Best: ": 21.528211713889387,
    "50.10.2 | STD: ": 0.0,
    "50.10.2.txt": {
        "50.10.2.txt.1": {
            "Best Score: ": 21.528211713889387,
            "Best Solution: ": "21.528212 == [[[4,21,13,24,39,2,8,33,7,15,32,36]],[[11,27,49,20,46,1,12,41,6,29,34]],[[47,19,14,44,23,35,26,40,30,48,3,22]]] || [[28,17,9,43,37,5,16],[25,25,10,45,50,42],[31,38,18]]",
            "Num_Drone: ": 3,
            "Num_Tech: ": 3,
            "Run Time: ": 46.762,
            "Score List: ": "Level 0: 36.831386 | Level 1: -0.349994 | Level 2: 0.038444 | Level 3: -0.025746 | Level 4: 0.027969 | Level 5: 0.000000 | Level 6: 0.143305 | Level 7: -0.105125 | Level 8: 0.000000 | Level 9: 0.000000 | Post Optimization: 0.000000 | Level 7: 0.000000 | Level 6: 0.000000 | Level 5: 0.000000 | Level 4: 0.000000 | Level 3: -0.110305 | Level 2: 0.000000 | Level 1: -0.050114 | Level 0: 0.000000 | Post Optimization: 0.000000 | "
        }
    },
    "50.10.3 | Average: ": 22.260215530171088,
    "50.10.3 | Best: ": 22.260215530171088,
    "50.10.3 | STD: ": 0.0,
    "50.10.3.txt": {
        "50.10.3.txt.1": {
            "Best Score: ": 22.260215530171088,
            "Best Solution: ": "22.260216 == [[[46,8,22,21,1,24,48,27,42,39,18]],[[14,29,15,16,13,41,43,38]],[[28,45,11,9,50,31,3,49,40,10]]] || [[20,30,5,19,47,17,7,26,32],[35,33,37,25,23,6],[2,12,4,36,44,34]]",
            "Num_Drone: ": 3,
            "Num_Tech: ": 3,
            "Run Time: ": 42.727,
            "Score List: ": "Level 0: 42.387961 | Level 1: -0.469583 | Level 2: 0.095852 | Level 3: -0.033531 | Level 4: 0.110007 | Level 5: 0.034650 | Level 6: 0.320648 | Level 7: 0.000000 | Level 8: -0.340684 | Level 9: 0.000000 | Post Optimization: 0.000000 | Level 7: 0.000000 | Level 6: 0.000000 | Level 5: 0.000000 | Level 4: 0.000000 | Level 3: 0.000000 | Level 2: -0.052038 | Level 1: -0.003977 | Level 0: -0.009922 | Post Optimization: 0.000000 | "
        }
    },
    "50.10.4 | Average: ": 21.99036056405877,
    "50.10.4 | Best: ": 21.99036056405877,
    "50.10.4 | STD: ": 0.0,
    "50.10.4.txt": {
        "50.10.4.txt.1": {
            "Best Score: ": 21.99036056405877,
            "Best Solution: ": "21.990361 == [[[45,4,33,29,6,10,21,36,2]],[[24,20,15,43,18,8,7,50,26,47,27,22]],[[32,30,25,37,31,1,34,16,39,14,38]]] || [[5,41,19,9,28,3],[44,23,42,49,17,12],[48,46,13,40,35,11]]",
            "Num_Drone: ": 3,
            "Num_Tech: ": 3,
            "Run Time: ": 39.026,
            "Score List: ": "Level 0: 30.170329 | Level 1: -0.258629 | Level 2: 0.025351 | Level 3: 0.041533 | Level 4: -0.016303 | Level 5: 0.012391 | Level 6: 0.274968 | Level 7: -0.122101 | Level 8: 0.000000 | Level 9: 0.000000 | Post Optimization: 0.000000 | Level 7: 0.000000 | Level 6: -0.060189 | Level 5: 0.000000 | Level 4: -0.043939 | Level 3: -0.002970 | Level 2: -0.060430 | Level 1: 0.000000 | Level 0: -0.018808 | Post Optimization: 0.000000 | "
        }
    },
    "50.20.1 | Average: ": 41.63279315833471,
    "50.20.1 | Best: ": 41.63279315833471,
    "50.20.1 | STD: ": 0.0,
    "50.20.1.txt": {
        "50.20.1.txt.1": {
            "Best Score: ": 41.63279315833471,
            "Best Solution: ": "41.632793 == [[[39,34,26,30,43,10,42,8,45]],[[15,48,16,35,28,4,44,13,33]],[[19,3,29,9,11,2,21,23,32,12,41]]] || [[18,20,46,38,50,36,27,25,24],[31,1,22,7,47,40],[6,14,17,37,5,49]]",
            "Num_Drone: ": 3,
            "Num_Tech: ": 3,
            "Run Time: ": 41.739,
            "Score List: ": "Level 0: 59.314033 | Level 1: -0.221407 | Level 2: -0.034701 | Level 3: 0.016811 | Level 4: 0.000000 | Level 5: 0.000000 | Level 6: 0.024188 | Level 7: 0.136491 | Level 8: -0.081795 | Level 9: 0.000000 | Post Optimization: 0.000000 | Level 7: 0.000000 | Level 6: -0.059470 | Level 5: 0.000000 | Level 4: -0.005186 | Level 3: 0.000000 | Level 2: 0.000000 | Level 1: 0.000000 | Level 0: -0.070793 | Post Optimization: -0.011555 | "
        }
    },
    "50.20.2 | Average: ": 39.48375724483118,
    "50.20.2 | Best: ": 39.48375724483118,
    "50.20.2 | STD: ": 0.0,
    "50.20.2.txt": {
        "50.20.2.txt.1": {
            "Best Score: ": 39.48375724483118,
            "Best Solution: ": "39.483757 == [[[24,27,5,26,45,11,3,28]],[[4,41,20,13,21,8,9,30,15,35,6]],[[23,12,42,18,37,44,22,14,39,34,17]]] || [[46,31,38,19,7,10],[43,50,47,29,48,2,16,33,36,1,32,49],[25,40]]",
            "Num_Drone: ": 3,
            "Num_Tech: ": 3,
            "Run Time: ": 38.832,
            "Score List: ": "Level 0: 67.359034 | Level 1: -0.313279 | Level 2: -0.012290 | Level 3: 0.015268 | Level 4: 0.024383 | Level 5: -0.039476 | Level 6: 0.001266 | Level 7: 0.000000 | Level 8: 0.000000 | Level 9: 0.000000 | Post Optimization: 0.000000 | Level 7: 0.000000 | Level 6: 0.000000 | Level 5: -0.001265 | Level 4: -0.059081 | Level 3: 0.000000 | Level 2: -0.020140 | Level 1: -0.026445 | Level 0: -0.032957 | Post Optimization: -0.003357 | "
        }
    },
    "50.20.3 | Average: ": 44.789893704805245,
    "50.20.3 | Best: ": 44.789893704805245,
    "50.20.3 | STD: ": 0.0,
    "50.20.3.txt": {
        "50.20.3.txt.1": {
            "Best Score: ": 44.789893704805245,
            "Best Solution: ": "44.789894 == [[[36,39,47,45,15,50,38,4,40,32,1]],[[35,26,3,6,46,8,18,22,13,31,34,9,27]],[[43,48,25,49,17,30,41,19,10]]] || [[37,11,12,21],[2,28,14,16,23,29,33],[24,7,44,42,20,5]]",
            "Num_Drone: ": 3,
            "Num_Tech: ": 3,
            "Run Time: ": 39.45,
            "Score List: ": "Level 0: 70.126255 | Level 1: -0.271479 | Level 2: -0.096689 | Level 3: 0.044165 | Level 4: -0.030959 | Level 5: -0.010619 | Level 6: 0.000000 | Level 7: 0.000000 | Level 8: 0.000000 | Level 9: 0.000000 | Post Optimization: 0.000000 | Level 7: 0.000000 | Level 6: -0.000000 | Level 5: 0.000000 | Level 4: -0.000000 | Level 3: -0.018275 | Level 2: -0.006352 | Level 1: 0.000000 | Level 0: -0.006145 | Post Optimization: 0.000000 | "
        }
    },
    "50.20.4 | Average: ": 44.2414039208047,
    "50.20.4 | Best: ": 44.2414039208047,
    "50.20.4 | STD: ": 0.0,
    "50.20.4.txt": {
        "50.20.4.txt.1": {
            "Best Score: ": 44.2414039208047,
            "Best Solution: ": "44.241404 == [[[44,22,31,15,48,6,29,37,32]],[[50,1,10,20,3,47,42,2,9,28,24,33,43,25]],[[16,23,7,30,40,11,18,39,27,49,21,13]]] || [[46,19,41,38],[5,12,34,4,8,36,45],[35,14,26,17]]",
            "Num_Drone: ": 3,
            "Num_Tech: ": 3,
            "Run Time: ": 42.632,
            "Score List: ": "Level 0: 65.263169 | Level 1: -0.230390 | Level 2: -0.038949 | Level 3: 0.046457 | Level 4: -0.044395 | Level 5: 0.023600 | Level 6: 0.014406 | Level 7: 0.174584 | Level 8: -0.078515 | Level 9: 0.000000 | Post Optimization: 0.000000 | Level 7: 0.000000 | Level 6: -0.076094 | Level 5: -0.014201 | Level 4: -0.023056 | Level 3: 0.000000 | Level 2: -0.078074 | Level 1: -0.005859 | Level 0: 0.000000 | Post Optimization: 0.000000 | "
        }
    },