{
    "6.5.1.1": {
        "Best Score is: ": 8.411415256856994,
        "Best Solution is: ": "8.411415 == [[[6,3]],[[1,2]]] || [[5],[4]]",
        "Num_Drone: ": 2,
        "Num_Tech: ": 2,
        "Run Time is: ": 0.114
    },
    "6.5.1.2": {
        "Best Score is: ": 8.195568520051545,
        "Best Solution is: ": "8.195569 == [[[3,6]],[[2]]] || [[1,4],[5]]",
        "Num_Drone: ": 2,
        "Num_Tech: ": 2,
        "Run Time is: ": 0.114
    },
    "6.5.1.3": {
        "Best Score is: ": 8.195568520051545,
        "Best Solution is: ": "8.195569 == [[[6,3]],[[2]]] || [[5],[4,1]]",
        "Num_Drone: ": 2,
        "Num_Tech: ": 2,
        "Run Time is: ": 0.109
    },
    "6.5.1.4": {
        "Best Score is: ": 9.72091062967253,
        "Best Solution is: ": "9.720911 == [[[1,2,5]],[[4,3]]] || [[6],[]]",
        "Num_Drone: ": 2,
        "Num_Tech: ": 2,
        "Run Time is: ": 0.107
    },
    "6.5.1.5": {
        "Best Score is: ": 9.72091062967253,
        "Best Solution is: ": "9.720911 == [[[4,3]],[[1,2]]] || [[6],[5]]",
        "Num_Drone: ": 2,
        "Num_Tech: ": 2,
        "Run Time is: ": 0.111
    }
}
