{
    "6.10.1 | Average: ": 17.75020496508027,
    "6.10.1 | Best: ": 17.75020496508027,
    "6.10.1.txt": {
        "6.10.1.txt.1": {
            "Best Score is: ": 17.75020496508027,
            "Best Solution is: ": "17.750205 == [[[4,5,1,6]]] || [[2,3]]",
            "Num_Drone: ": 1,
            "Num_Tech: ": 1,
            "Run Time is: ": 0.113
        },
        "6.10.1.txt.2": {
            "Best Score is: ": 17.75020496508027,
            "Best Solution is: ": "17.750205 == [[[4,5,1,6]]] || [[3,2]]",
            "Num_Drone: ": 1,
            "Num_Tech: ": 1,
            "Run Time is: ": 0.125
        },
        "6.10.1.txt.3": {
            "Best Score is: ": 17.75020496508027,
            "Best Solution is: ": "17.750205 == [[[4,5,1,6]]] || [[2,3]]",
            "Num_Drone: ": 1,
            "Num_Tech: ": 1,
            "Run Time is: ": 0.117
        },
        "6.10.1.txt.4": {
            "Best Score is: ": 17.75020496508027,
            "Best Solution is: ": "17.750205 == [[[4,5,1,6]]] || [[3,2]]",
            "Num_Drone: ": 1,
            "Num_Tech: ": 1,
            "Run Time is: ": 0.118
        },
        "6.10.1.txt.5": {
            "Best Score is: ": 17.75020496508027,
            "Best Solution is: ": "17.750205 == [[[4,5,1,6]]] || [[2,3]]",
            "Num_Drone: ": 1,
            "Num_Tech: ": 1,
            "Run Time is: ": 0.143
        }
    },
    "6.10.2 | Average: ": 20.660850344229097,
    "6.10.2 | Best: ": 20.660850344229097,
    "6.10.2.txt": {
        "6.10.2.txt.1": {
            "Best Score is: ": 20.660850344229097,
            "Best Solution is: ": "20.660850 == [[[2,4,3,5]]] || [[1,6]]",
            "Num_Drone: ": 1,
            "Num_Tech: ": 1,
            "Run Time is: ": 0.111
        },
        "6.10.2.txt.2": {
            "Best Score is: ": 20.660850344229097,
            "Best Solution is: ": "20.660850 == [[[5,3,4,2]]] || [[1,6]]",
            "Num_Drone: ": 1,
            "Num_Tech: ": 1,
            "Run Time is: ": 0.107
        },
        "6.10.2.txt.3": {
            "Best Score is: ": 20.660850344229097,
            "Best Solution is: ": "20.660850 == [[[4,3,5,2]]] || [[6,1]]",
            "Num_Drone: ": 1,
            "Num_Tech: ": 1,
            "Run Time is: ": 0.116
        },
        "6.10.2.txt.4": {
            "Best Score is: ": 20.660850344229097,
            "Best Solution is: ": "20.660850 == [[[5,3,4,2]]] || [[6,1]]",
            "Num_Drone: ": 1,
            "Num_Tech: ": 1,
            "Run Time is: ": 0.135
        },
        "6.10.2.txt.5": {
            "Best Score is: ": 20.660850344229097,
            "Best Solution is: ": "20.660850 == [[[5,3,4,2]]] || [[6,1]]",
            "Num_Drone: ": 1,
            "Num_Tech: ": 1,
            "Run Time is: ": 0.148
        }
    },
    "6.10.3 | Average: ": 21.927618665034473,
    "6.10.3 | Best: ": 21.927618665034473,
    "6.10.3.txt": {
        "6.10.3.txt.1": {
            "Best Score is: ": 21.927618665034473,
            "Best Solution is: ": "21.927619 == [[[3,6,4]]] || [[1,5,2]]",
            "Num_Drone: ": 1,
            "Num_Tech: ": 1,
            "Run Time is: ": 0.115
        },
        "6.10.3.txt.2": {
            "Best Score is: ": 21.927618665034473,
            "Best Solution is: ": "21.927619 == [[[4,3,6]]] || [[1,5,2]]",
            "Num_Drone: ": 1,
            "Num_Tech: ": 1,
            "Run Time is: ": 0.108
        },
        "6.10.3.txt.3": {
            "Best Score is: ": 21.927618665034473,
            "Best Solution is: ": "21.927619 == [[[4,3,6]]] || [[1,5,2]]",
            "Num_Drone: ": 1,
            "Num_Tech: ": 1,
            "Run Time is: ": 0.123
        },
        "6.10.3.txt.4": {
            "Best Score is: ": 21.927618665034473,
            "Best Solution is: ": "21.927619 == [[[6,3,4]]] || [[1,5,2]]",
            "Num_Drone: ": 1,
            "Num_Tech: ": 1,
            "Run Time is: ": 0.145
        },
        "6.10.3.txt.5": {
            "Best Score is: ": 21.927618665034473,
            "Best Solution is: ": "21.927619 == [[[3,6,4]]] || [[1,5,2]]",
            "Num_Drone: ": 1,
            "Num_Tech: ": 1,
            "Run Time is: ": 0.132
        }
    },
    "6.10.4 | Average: ": 16.72634059982888,
    "6.10.4 | Best: ": 16.72634059982888,
    "6.10.4.txt": {
        "6.10.4.txt.1": {
            "Best Score is: ": 16.72634059982888,
            "Best Solution is: ": "16.726341 == [[[1,4,3,5,2]]] || [[6]]",
            "Num_Drone: ": 1,
            "Num_Tech: ": 1,
            "Run Time is: ": 0.116
        },
        "6.10.4.txt.2": {
            "Best Score is: ": 16.72634059982888,
            "Best Solution is: ": "16.726341 == [[[1,2,4,3,5]]] || [[6]]",
            "Num_Drone: ": 1,
            "Num_Tech: ": 1,
            "Run Time is: ": 0.124
        },
        "6.10.4.txt.3": {
            "Best Score is: ": 16.72634059982888,
            "Best Solution is: ": "16.726341 == [[[4,3,5,2,1]]] || [[6]]",
            "Num_Drone: ": 1,
            "Num_Tech: ": 1,
            "Run Time is: ": 0.15
        },
        "6.10.4.txt.4": {
            "Best Score is: ": 16.72634059982888,
            "Best Solution is: ": "16.726341 == [[[1,5,3,4,2]]] || [[6]]",
            "Num_Drone: ": 1,
            "Num_Tech: ": 1,
            "Run Time is: ": 0.153
        },
        "6.10.4.txt.5": {
            "Best Score is: ": 16.72634059982888,
            "Best Solution is: ": "16.726341 == [[[1,5,4,3,2]]] || [[6]]",
            "Num_Drone: ": 1,
            "Num_Tech: ": 1,
            "Run Time is: ": 0.124
        }
    },
    "6.20.1 | Average: ": 37.33445961088125,
    "6.20.1 | Best: ": 37.33445961088125,
    "6.20.1.txt": {
        "6.20.1.txt.1": {
            "Best Score is: ": 37.33445961088125,
            "Best Solution is: ": "37.334460 == [[[2,1,3]]] || [[6,5,4]]",
            "Num_Drone: ": 1,
            "Num_Tech: ": 1,
            "Run Time is: ": 0.143
        },
        "6.20.1.txt.2": {
            "Best Score is: ": 37.33445961088125,
            "Best Solution is: ": "37.334460 == [[[2,1,3]]] || [[5,6,4]]",
            "Num_Drone: ": 1,
            "Num_Tech: ": 1,
            "Run Time is: ": 0.222
        },
        "6.20.1.txt.3": {
            "Best Score is: ": 37.33445961088125,
            "Best Solution is: ": "37.334460 == [[[3,1,2]]] || [[4,6,5]]",
            "Num_Drone: ": 1,
            "Num_Tech: ": 1,
            "Run Time is: ": 0.115
        },
        "6.20.1.txt.4": {
            "Best Score is: ": 37.33445961088125,
            "Best Solution is: ": "37.334460 == [[[3,1,2]]] || [[5,6,4]]",
            "Num_Drone: ": 1,
            "Num_Tech: ": 1,
            "Run Time is: ": 0.199
        },
        "6.20.1.txt.5": {
            "Best Score is: ": 37.33445961088125,
            "Best Solution is: ": "37.334460 == [[[2,1,3]]] || [[4,6,5]]",
            "Num_Drone: ": 1,
            "Num_Tech: ": 1,
            "Run Time is: ": 0.112
        }
    },
    "6.20.2 | Average: ": 39.021858230842255,
    "6.20.2 | Best: ": 39.021858230842255,
    "6.20.2.txt": {
        "6.20.2.txt.1": {
            "Best Score is: ": 39.021858230842255,
            "Best Solution is: ": "39.021858 == [[[6,4,3,5]]] || [[2,1]]",
            "Num_Drone: ": 1,
            "Num_Tech: ": 1,
            "Run Time is: ": 0.121
        },
        "6.20.2.txt.2": {
            "Best Score is: ": 39.021858230842255,
            "Best Solution is: ": "39.021858 == [[[6,4,3,5]]] || [[1,2]]",
            "Num_Drone: ": 1,
            "Num_Tech: ": 1,
            "Run Time is: ": 0.106
        },
        "6.20.2.txt.3": {
            "Best Score is: ": 39.021858230842255,
            "Best Solution is: ": "39.021858 == [[[6,4,3,5]]] || [[1,2]]",
            "Num_Drone: ": 1,
            "Num_Tech: ": 1,
            "Run Time is: ": 0.11
        },
        "6.20.2.txt.4": {
            "Best Score is: ": 39.021858230842255,