{
    "6.5.4 | Average: ": 7.653770533061737,
    "6.5.4 | Best: ": 7.653770533061738,
    "6.5.4 | STD: ": 9.930136612989092e-16,
    "6.5.4.txt": {
        "6.5.4.txt.1": {
            "Best Score: ": 7.653770533061738,
            "Best Solution: ": "7.653771 == [[[3]],[[2]],[[1,4]]] || [[],[6],[5]]",
            "Num_Drone: ": 3,
            "Num_Tech: ": 3,
            "Run Time: ": 0.244,
            "Score List: ": "Level 0: 8.241707 | Level 1: -0.071337 | Level 2: 0.000000 | Level 3: 0.000000 | Post Optimization: 0.000000 | Level 2: 0.000000 | Level 1: 0.000000 | Level 0: 0.000000 | Post Optimization: 0.000000 | "
        },
        "6.5.4.txt.2": {
            "Best Score: ": 7.653770533061738,
            "Best Solution: ": "7.653771 == [[[3]],[[2]],[[1,4]]] || [[],[6],[5]]",
            "Num_Drone: ": 3,
            "Num_Tech: ": 3,
            "Run Time: ": 0.216,
            "Score List: ": "Level 0: 8.241707 | Level 1: -0.071337 | Level 2: 0.000000 | Level 3: 0.000000 | Post Optimization: 0.000000 | Level 2: 0.000000 | Level 1: 0.000000 | Level 0: 0.000000 | Post Optimization: 0.000000 | "
        },
        "6.5.4.txt.3": {
            "Best Score: ": 7.653770533061738,
            "Best Solution: ": "7.653771 == [[[3]],[[2]],[[1,4]]] || [[],[6],[5]]",
            "Num_Drone: ": 3,
            "Num_Tech: ": 3,
            "Run Time: ": 0.211,
            "Score List: ": "Level 0: 8.241707 | Level 1: -0.071337 | Level 2: 0.000000 | Level 3: 0.000000 | Post Optimization: 0.000000 | Level 2: 0.000000 | Level 1: 0.000000 | Level 0: 0.000000 | Post Optimization: 0.000000 | "
        },
        "6.5.4.txt.4": {
            "Best Score: ": 7.653770533061738,
            "Best Solution: ": "7.653771 == [[[3]],[[2]],[[1,4]]] || [[],[6],[5]]",
            "Num_Drone: ": 3,
            "Num_Tech: ": 3,
            "Run Time: ": 0.219,
            "Score List: ": "Level 0: 8.241707 | Level 1: -0.071337 | Level 2: 0.000000 | Level 3: 0.000000 | Post Optimization: 0.000000 | Level 2: 0.000000 | Level 1: 0.000000 | Level 0: 0.000000 | Post Optimization: 0.000000 | "
        },
        "6.5.4.txt.5": {
            "Best Score: ": 7.653770533061738,
            "Best Solution: ": "7.653771 == [[[3]],[[2]],[[1,4]]] || [[],[6],[5]]",
            "Num_Drone: ": 3,
            "Num_Tech: ": 3,
            "Run Time: ": 0.219,
            "Score List: ": "Level 0: 8.241707 | Level 1: -0.071337 | Level 2: 0.000000 | Level 3: 0.000000 | Post Optimization: 0.000000 | Level 2: 0.000000 | Level 1: 0.000000 | Level 0: 0.000000 | Post Optimization: 0.000000 | "
        }
    }
}
